Fiscal Year,Fund Code,Division Code,Department Code,Costing Center Acct. Reference,Division Name,Department Name,Costing Center Name,GL Account Number,GL Account Name, Adopted Budget 
2026,22,30,30.235,999,Division of Family Services,Family Partnership,Family Support Center 2027 FS,41055,Federal Grants - Pass Thru, $ -   
2026,22,30,30.235,999,Division of Family Services,Family Partnership,GED Youth FY26-FP,52755,Dues / Subscriptions," $ 3,151.00 "
2026,22,30,30.225,999,Division of Family Services,Family Services Admin,LMB Administration 2027 FSA,52601,Travel / Training, $ -   
2026,22,30,30.245,999,Division of Family Services,Office For Children & Family,Integrated Systems of Care2024 FS,54401,Subgrants, $ -   
2026,22,30,30.235,999,Division of Family Services,Family Partnership,Judy Center 2027 FS,50301,Life Insurance, $ -   
2026,22,30,30.225,999,Division of Family Services,Family Services Admin,ENOUGH 2025,53605,Office Supplies, $ -   
2026,22,30,30.235,999,Division of Family Services,Family Partnership,Judy Center 2025 FS,50260,Defined Benefit Plan, $ -   
2026,22,30,30.235,999,Division of Family Services,Family Partnership,Judy Center 2024 FS,52401,Telephone, $ -   
2026,10,30,30.245,999,Division of Family Services,Office For Children & Family,Children & Family FS,50250,Social Security / Medicare, $ -   
2026,22,30,30.225,999,Division of Family Services,Family Services Admin,Healthy Families 2024 FSA,52701,Contracted Services, $ -   
2026,22,30,30.250,999,Division of Family Services,Child Advocacy Center,CAC Services 2026 FS,52755,Dues / Subscriptions," $ 5,228.00 "
2026,22,30,30.235,999,Division of Family Services,Family Partnership,Family Support Center 2025 FS,52615,Mileage, $ -   
2026,10,30,30.250,999,Division of Family Services,Child Advocacy Center,Child Advocacy Center FS,52755,Dues / Subscriptions, $ 200.00 
2026,22,30,30.250,999,Division of Family Services,Child Advocacy Center,CAC Services 2027 FS,41300,State Grants - Operating, $ -   
2026,10,30,30.250,999,Division of Family Services,Child Advocacy Center,Child Advocacy Center FS,50101,Salary & Wages," $ 570,786.00 "
2026,22,30,30.235,999,Division of Family Services,Family Partnership,Family Support Center 2025 FS,50290,Worker's Compensation, $ -   
2026,22,30,30.235,999,Division of Family Services,Family Partnership,Safe and Stable Families 2026 FS,52401,Telephone," $ 1,454.00 "
2026,10,30,30.250,999,Division of Family Services,Child Advocacy Center,Child Advocacy Center FS,50260,Defined Benefit Plan," $ 64,183.00 "
2026,22,30,30.235,999,Division of Family Services,Family Partnership,Family Support Center 2024 FS,52310,Vehicle / Equip Insurance, $ -   
2026,22,30,30.235,999,Division of Family Services,Family Partnership,Safe and Stable Families 2026 FS,53505,Food," $ 1,500.00 "
2026,22,30,30.225,999,Division of Family Services,Family Services Admin,Local Care Team 2025 FSA,54110,Misc Operating Expense, $ -   
2026,22,30,30.235,999,Division of Family Services,Family Partnership,Family Support Center 2025 FS,54075,Recreational Activities, $ -   
2026,22,30,30.225,999,Division of Family Services,Family Services Admin,Family Coaching FY25 FSA,54401,Subgrants, $ -   
2026,22,30,30.225,999,Division of Family Services,Family Services Admin,Local Care Team 2025 FSA,50225,OPEB, $ -   
2026,22,30,30.235,999,Division of Family Services,Family Partnership,GED Youth FY27-FP,48201,Trans from General Fund, $ -   
2026,22,30,30.250,999,Division of Family Services,Child Advocacy Center,VOCA 2026 FS,50250,Social Security / Medicare," $ 9,960.00 "
2026,22,30,30.235,999,Division of Family Services,Family Partnership,Judy Center 2027 FS,52405,Telephone - Wireless, $ -   
2026,22,30,30.225,999,Division of Family Services,Family Services Admin,ENGH CB FY25,51195,Interpreter - Foreign Language, $ -   
2026,22,30,30.250,999,Division of Family Services,Child Advocacy Center,VOCA 2025 FS,50201,Health Insurance Contributions, $ -   
2026,22,30,30.225,999,Division of Family Services,Family Services Admin,AON EN FY25,41300,State Grants - Operating, $ -   
2026,22,30,30.235,999,Division of Family Services,Family Partnership,Community Foundation 2023 FS,50250,Social Security / Medicare, $ -   
2026,22,30,30.250,999,Division of Family Services,Child Advocacy Center,VOCA 2026 FS,52701,Contracted Services," $ 70,976.00 "
2026,10,30,30.245,999,Division of Family Services,Office For Children & Family,Children & Family FS,50225,OPEB, $ -   
2026,22,30,30.235,999,Division of Family Services,Family Partnership,Safe and Stable Families 2024 FS,52235,Fleet Charges, $ -   
2026,22,30,30.235,999,Division of Family Services,Family Partnership,Family Support Center 2027 FS,53505,Food, $ -   
2026,22,30,30.225,999,Division of Family Services,Family Services Admin,LMB Administration 2026 FSA,50260,Defined Benefit Plan," $ 13,380.00 "
2026,22,30,30.235,999,Division of Family Services,Family Partnership,Family Support Center 2027 FS,54110,Misc Operating Expense, $ -   
2026,22,30,30.235,999,Division of Family Services,Family Partnership,Family Support Center 2027 FS,52615,Mileage, $ -   
2026,10,30,30.250,999,Division of Family Services,Child Advocacy Center,Child Advocacy Center FS,50301,Life Insurance," $ 1,507.00 "
2026,22,30,30.250,999,Division of Family Services,Child Advocacy Center,VOCA 2027 FS,50201,Health Insurance Contributions, $ -   
2026,22,30,30.225,999,Division of Family Services,Family Services Admin,ENOUGH 2025,52615,Mileage, $ -   
2026,22,30,30.245,999,Division of Family Services,Office For Children & Family,Youth Connections FY24 FS,41300,State Grants - Operating, $ -   
2026,22,30,30.250,999,Division of Family Services,Child Advocacy Center,CAC Services 2025 FS,52701,Contracted Services, $ -   
2026,22,30,30.225,999,Division of Family Services,Family Services Admin,ENOUGH 2025,52601,Travel / Training, $ -   
2026,22,30,30.245,999,Division of Family Services,Office For Children & Family,LMB Administration 2024 FS,50290,Worker's Compensation, $ -   
2026,22,30,30.235,999,Division of Family Services,Family Partnership,Family Support Center 2026 FS,52701,Contracted Services," $ 19,000.00 "
2026,22,30,30.225,999,Division of Family Services,Family Services Admin,EN SSC FY25,54401,Subgrants, $ -   
2026,22,30,30.235,999,Division of Family Services,Family Partnership,Safe and Stable Families 2026 FS,41300,State Grants - Operating," $ 42,500.00 "
2026,22,30,30.235,999,Division of Family Services,Family Partnership,Family Support Center 2027 FS,41300,State Grants - Operating, $ -   
2026,22,30,30.235,999,Division of Family Services,Family Partnership,Judy Center 2026 FS,52615,Mileage, $ 500.00 
2026,22,30,30.245,999,Division of Family Services,Office For Children & Family,Youth Connections FY24 FS,54401,Subgrants, $ -   
2026,22,30,30.235,999,Division of Family Services,Family Partnership,Judy Center 2027 FS,52701,Contracted Services, $ -   
2026,22,30,30.235,999,Division of Family Services,Family Partnership,Safe and Stable Families 2025 FS,53505,Food, $ -   
2026,22,30,30.225,999,Division of Family Services,Family Services Admin,UWG EN FY25,54401,Subgrants, $ -   
2026,10,30,30.225,999,Division of Family Services,Family Services Admin,Family Services Admin,54201,County Awarded Funds/Grants," $ 92,753.00 "
2026,22,30,30.235,999,Division of Family Services,Family Partnership,Safe and Stable Families 2027 FS,50280,Unemployment Contributions, $ -   
2026,22,30,30.225,999,Division of Family Services,Family Services Admin,Healthy Families 2026 FSA,48201,Trans from General Fund," $ 27,260.00 "
2026,22,30,30.250,999,Division of Family Services,Child Advocacy Center,VOCA 2025 FS,48201,Trans from General Fund, $ -   
2026,22,30,30.235,999,Division of Family Services,Family Partnership,Family Support Center 2025 FS,53501,Meals, $ -   
2026,22,30,30.235,999,Division of Family Services,Family Partnership,Judy Center 2024 FS,50290,Worker's Compensation, $ -   
2026,22,30,30.225,999,Division of Family Services,Family Services Admin,Healthy Families 2025 FSA,54401,Subgrants, $ -   
2026,22,30,30.235,999,Division of Family Services,Family Partnership,GED Youth FY25-FP,53505,Food, $ -   
2026,22,30,30.235,999,Division of Family Services,Family Partnership,Family Support Center 2024 FS,41300,State Grants - Operating, $ -   
2026,22,30,30.235,999,Division of Family Services,Family Partnership,Judy Center 2025 FS,52405,Telephone - Wireless, $ -   
2026,10,30,30.225,999,Division of Family Services,Family Services Admin,Family Services Admin,53505,Food, $ 700.00 
2026,22,30,30.235,999,Division of Family Services,Family Partnership,Youth Connections FY24-FP FS,60180,Miscellaneous Recovery, $ -   
2026,22,30,30.225,999,Division of Family Services,Family Services Admin,ENOUGH 2025,54110,Misc Operating Expense, $ -   
2026,10,30,30.225,999,Division of Family Services,Family Services Admin,Family Services Admin,52405,Telephone - Wireless," $ 3,628.00 "
2026,22,30,30.235,999,Division of Family Services,Family Partnership,Safe and Stable Families 2024 FS,50160,Overtime, $ -   
2026,10,30,30.250,999,Division of Family Services,Child Advocacy Center,Child Advocacy Center FS,50201,Health Insurance Contributions," $ 114,752.00 "
2026,22,30,30.225,999,Division of Family Services,Family Services Admin,LMB Administration 2025 FSA,46615,In-Kind Revenue - Grants, $ -   
2026,22,30,30.250,999,Division of Family Services,Child Advocacy Center,CAC Services 2025 FS,52601,Travel / Training, $ -   
2026,22,30,30.235,999,Division of Family Services,Family Partnership,Family Support Center 2026 FS,50290,Worker's Compensation," $ 1,208.00 "
2026,10,30,30.235,999,Division of Family Services,Family Partnership,Family Partnership FS,50290,Worker's Compensation, $ 307.00 
2026,22,30,30.235,999,Division of Family Services,Family Partnership,Family Support Center 2026 FS,50240,Dental Insurance Contributions, $ 678.00 
2026,10,30,30.235,615,Division of Family Services,Family Partnership,Non-Parenting Youth,50260,Defined Benefit Plan," $ 16,157.00 "
2026,22,30,30.235,999,Division of Family Services,Family Partnership,Safe and Stable Families 2026 FS,50201,Health Insurance Contributions," $ 27,485.00 "
2026,22,30,30.235,999,Division of Family Services,Family Partnership,Family Support Center 2024 FS,41055,Federal Grants - Pass Thru, $ -   
2026,22,30,30.235,999,Division of Family Services,Family Partnership,Family Support Center 2026 FS,50201,Health Insurance Contributions," $ 231,045.00 "
2026,22,30,30.235,999,Division of Family Services,Family Partnership,Safe and Stable Families 2024 FS,52401,Telephone, $ -   
2026,22,30,30.225,999,Division of Family Services,Family Services Admin,Healthy Families 2025 FSA,41300,State Grants - Operating, $ -   
2026,22,30,30.225,999,Division of Family Services,Family Services Admin,EN CENTRO FY25,54401,Subgrants, $ -   
2026,22,30,30.245,999,Division of Family Services,Office For Children & Family,Getting Ahead FY23,41300,State Grants - Operating, $ -   
2026,22,30,30.245,999,Division of Family Services,Office For Children & Family,Healthy Families 2024 FS,48201,Trans from General Fund, $ -   
2026,22,30,30.225,999,Division of Family Services,Family Services Admin,LMB Administration 2027 FSA,54401,Subgrants, $ -   
2026,22,30,30.235,999,Division of Family Services,Family Partnership,MFN Supplemental FY25,53200,Miscellaneous Supplies, $ -   
2026,22,30,30.235,999,Division of Family Services,Family Partnership,MFN Supplemental FY25,41300,State Grants - Operating, $ -   
2026,22,30,30.250,999,Division of Family Services,Child Advocacy Center,VOCA 2027 FS,58001,In-Kind Salaries - Grants, $ -   
2026,22,30,30.250,999,Division of Family Services,Child Advocacy Center,CAC Services 2024 FS,41300,State Grants - Operating, $ -   
2026,22,30,30.245,999,Division of Family Services,Office For Children & Family,Local Care Team 2024 FS,52701,Contracted Services, $ -   
2026,22,30,30.250,999,Division of Family Services,Child Advocacy Center,VOCA 2024 FS,52701,Contracted Services, $ -   
2026,22,30,30.245,999,Division of Family Services,Office For Children & Family,LMB Administration 2024 FS,53505,Food, $ -   
2026,10,30,30.245,999,Division of Family Services,Office For Children & Family,Children & Family FS,52765,Printing, $ -   
2026,22,30,30.235,999,Division of Family Services,Family Partnership,Family Support Center 2027 FS,50290,Worker's Compensation, $ -   
2026,22,30,30.250,999,Division of Family Services,Child Advocacy Center,VOCA 2026 FS,50101,Salary & Wages," $ 130,197.00 "
2026,22,30,30.245,999,Division of Family Services,Office For Children & Family,LMB Administration 2024 FS,53010,Program / Activity Supplies, $ -   
2026,22,30,30.225,999,Division of Family Services,Family Services Admin,Healthy Families 2024 FSA,54401,Subgrants, $ -   
2026,22,30,30.235,999,Division of Family Services,Family Partnership,Safe and Stable Families 2025 FS,50240,Dental Insurance Contributions, $ -   
2026,22,30,30.235,999,Division of Family Services,Family Partnership,Youth Connections FY24-FP FS,50301,Life Insurance, $ -   
2026,22,30,30.225,999,Division of Family Services,Family Services Admin,LMB Administration 2025 FSA,54401,Subgrants, $ -   
2026,22,30,30.225,999,Division of Family Services,Family Services Admin,LMB Administration 2027 FSA,50240,Dental Insurance Contributions, $ -   
2026,22,30,30.225,999,Division of Family Services,Family Services Admin,LMB Administration 2027 FSA,48201,Trans from General Fund, $ -   
2026,10,30,30.235,615,Division of Family Services,Family Partnership,Non-Parenting Youth,52701,Contracted Services," $ 4,000.00 "
2026,10,30,30.225,999,Division of Family Services,Family Services Admin,Family Services Admin,50301,Life Insurance," $ 1,233.00 "
2026,22,30,30.250,999,Division of Family Services,Child Advocacy Center,CAC Services 2027 FS,52755,Dues / Subscriptions, $ -   
2026,22,30,30.235,999,Division of Family Services,Family Partnership,Family Support Center 2027 FS,52405,Telephone - Wireless, $ -   
2026,22,30,30.235,999,Division of Family Services,Family Partnership,GED Youth FY25-FP,50290,Worker's Compensation, $ -   
2026,22,30,30.250,999,Division of Family Services,Child Advocacy Center,CAC Services 2025 FS,41300,State Grants - Operating, $ -   
2026,22,30,30.235,999,Division of Family Services,Family Partnership,Judy Center 2026 FS,53505,Food, $ 500.00 
2026,22,30,30.225,999,Division of Family Services,Family Services Admin,Healthy Families 2027 FSA,41300,State Grants - Operating, $ -   
2026,22,30,30.235,999,Division of Family Services,Family Partnership,Family Support Center 2024 FS,48205,Trans from Gen Fund-Subsqt Yrs, $ -   
2026,22,30,30.235,999,Division of Family Services,Family Partnership,Safe and Stable Families 2025 FS,53010,Program / Activity Supplies, $ -   
2026,22,30,30.250,999,Division of Family Services,Child Advocacy Center,CAC Services 2027 FS,52701,Contracted Services, $ -   
2026,22,30,30.235,999,Division of Family Services,Family Partnership,Family Support Center 2024 FS,50201,Health Insurance Contributions, $ -   
2026,22,30,30.225,999,Division of Family Services,Family Services Admin,EN FCPS FY25,41300,State Grants - Operating, $ -   
2026,22,30,30.250,999,Division of Family Services,Child Advocacy Center,VOCA 2027 FS,50239,Family Medical Leave Insurance, $ -   
2026,22,30,30.235,999,Division of Family Services,Family Partnership,Family Support Center 2027 FS,52765,Printing, $ -   
2026,22,30,30.250,999,Division of Family Services,Child Advocacy Center,VOCA 2025 FS,52601,Travel / Training, $ -   
2026,22,30,30.225,999,Division of Family Services,Family Services Admin,Healthy Families 2024 FSA,41300,State Grants - Operating, $ -   
2026,22,30,30.235,999,Division of Family Services,Family Partnership,Safe and Stable Families 2024 FS,53505,Food, $ -   
2026,22,30,30.250,999,Division of Family Services,Child Advocacy Center,VOCA 2023 FS,52701,Contracted Services, $ -   
2026,22,30,30.235,999,Division of Family Services,Family Partnership,Family Support Center 2027 FS,48201,Trans from General Fund, $ -   
2026,22,30,30.235,999,Division of Family Services,Family Partnership,Family Support Center 2026 FS,52765,Printing," $ 2,200.00 "
2026,22,30,30.235,999,Division of Family Services,Family Partnership,GED Youth FY25-FP,50280,Unemployment Contributions, $ -   
2026,10,30,30.235,615,Division of Family Services,Family Partnership,Non-Parenting Youth,50301,Life Insurance, $ 379.00 
2026,22,30,30.235,999,Division of Family Services,Family Partnership,Family Support Center 2025 FS,52765,Printing, $ -   
2026,22,30,30.225,999,Division of Family Services,Family Services Admin,Youth Connections FY26 FSA,41300,State Grants - Operating," $ 40,000.00 "
2026,22,30,30.225,999,Division of Family Services,Family Services Admin,Local Care Team 2026 FSA,50280,Unemployment Contributions, $ 30.00 
2026,22,30,30.235,999,Division of Family Services,Family Partnership,Judy Center 2024 FS,50260,Defined Benefit Plan, $ -   
2026,22,30,30.225,999,Division of Family Services,Family Services Admin,ENGH CB FY25,41300,State Grants - Operating, $ -   
2026,22,30,30.235,999,Division of Family Services,Family Partnership,Family Support Center 2025 FS,41055,Federal Grants - Pass Thru, $ -   
2026,10,30,30.225,999,Division of Family Services,Family Services Admin,Family Services Admin,50260,Defined Benefit Plan," $ 52,562.00 "
2026,22,30,30.235,999,Division of Family Services,Family Partnership,Judy Center 2026 FS,50301,Life Insurance, $ 196.00 
2026,22,30,30.235,999,Division of Family Services,Family Partnership,GED Youth FY25-FP,52755,Dues / Subscriptions, $ -   
2026,10,30,30.235,615,Division of Family Services,Family Partnership,Non-Parenting Youth,50201,Health Insurance Contributions," $ 33,010.00 "
2026,10,30,30.250,999,Division of Family Services,Child Advocacy Center,Child Advocacy Center FS,53215,Computer Hardware / Software, $ 900.00 
2026,22,30,30.235,999,Division of Family Services,Family Partnership,Family Support Center 2026 FS,50101,Salary & Wages," $ 895,956.00 "
2026,22,30,30.235,999,Division of Family Services,Family Partnership,Safe and Stable Families 2027 FS,50201,Health Insurance Contributions, $ -   
2026,22,30,30.245,999,Division of Family Services,Office For Children & Family,New Horizons FY24 FS,54401,Subgrants, $ -   
2026,22,30,30.235,999,Division of Family Services,Family Partnership,Family Support Center 2024 FS,52405,Telephone - Wireless, $ -   
2026,22,30,30.245,999,Division of Family Services,Office For Children & Family,LMB Administration 2024 FS,51195,Interpreter - Foreign Language, $ -   
2026,22,30,30.235,999,Division of Family Services,Family Partnership,Youth Connections FY24-FP FS,52401,Telephone, $ -   
2026,22,30,30.235,999,Division of Family Services,Family Partnership,Family Support Center 2025 FS,52405,Telephone - Wireless, $ -   
2026,22,30,30.225,999,Division of Family Services,Family Services Admin,LMB Administration 2026 FSA,50101,Salary & Wages," $ 99,114.00 "
2026,22,30,30.235,999,Division of Family Services,Family Partnership,Judy Center 2025 FS,50301,Life Insurance, $ -   
2026,22,30,30.225,999,Division of Family Services,Family Services Admin,Youth Connections FY25 FSA,54401,Subgrants, $ -   
2026,10,30,30.245,999,Division of Family Services,Office For Children & Family,Children & Family FS,52401,Telephone, $ -   
2026,22,30,30.250,999,Division of Family Services,Child Advocacy Center,VOCA 2027 FS,52701,Contracted Services, $ -   
2026,22,30,30.250,999,Division of Family Services,Child Advocacy Center,VOCA 2027 FS,50101,Salary & Wages, $ -   
2026,22,30,30.235,999,Division of Family Services,Family Partnership,GED Youth FY26-FP,50260,Defined Benefit Plan," $ 2,727.00 "
2026,22,30,30.245,999,Division of Family Services,Office For Children & Family,Getting Ahead 2024,48201,Trans from General Fund, $ -   
2026,22,30,30.235,999,Division of Family Services,Family Partnership,Family Support Center 2025 FS,50101,Salary & Wages, $ -   
2026,22,30,30.245,999,Division of Family Services,Office For Children & Family,Local Care Team 2024 FS,51195,Interpreter - Foreign Language, $ -   
2026,22,30,30.235,999,Division of Family Services,Family Partnership,Family Support Center 2024 FS,50101,Salary & Wages, $ -   
2026,22,30,30.225,999,Division of Family Services,Family Services Admin,LMB Administration 2027 FSA,58001,In-Kind Salaries - Grants, $ -   
2026,22,30,30.235,999,Division of Family Services,Family Partnership,Safe and Stable Families 2026 FS,50240,Dental Insurance Contributions, $ 90.00 
2026,22,30,30.225,999,Division of Family Services,Family Services Admin,ENGH-CB 1224,41300,State Grants - Operating, $ -   
2026,22,30,30.250,999,Division of Family Services,Child Advocacy Center,VOCA 2026 FS,50201,Health Insurance Contributions," $ 28,907.00 "
2026,22,30,30.225,999,Division of Family Services,Family Services Admin,Getting Ahead 2026 - FSA,54401,Subgrants," $ 75,000.00 "
2026,10,30,30.245,999,Division of Family Services,Office For Children & Family,Children & Family FS,53505,Food, $ -   
2026,22,30,30.225,999,Division of Family Services,Family Services Admin,LMB Administration 2026 FSA,50201,Health Insurance Contributions," $ 8,480.00 "
2026,22,30,30.245,999,Division of Family Services,Office For Children & Family,New Horizons FY24 FS,48201,Trans from General Fund, $ -   
2026,22,30,30.225,999,Division of Family Services,Family Services Admin,LMB Administration 2026 FSA,46615,In-Kind Revenue - Grants," $ 103,743.00 "
2026,22,30,30.235,999,Division of Family Services,Family Partnership,Youth Connections FY24-FP FS,50250,Social Security / Medicare, $ -   
2026,22,30,30.235,999,Division of Family Services,Family Partnership,Family Support Center 2026 FS,53605,Office Supplies," $ 3,000.00 "
2026,22,30,30.235,999,Division of Family Services,Family Partnership,MFN Supplemental FY25,53505,Food, $ -   
2026,22,30,30.250,999,Division of Family Services,Child Advocacy Center,CAC Services 2024 FS,52701,Contracted Services, $ -   
2026,22,30,30.235,999,Division of Family Services,Family Partnership,Judy Center 2026 FS,52405,Telephone - Wireless," $ 1,068.00 "
2026,22,30,30.225,999,Division of Family Services,Family Services Admin,Healthy Families 2027 FSA,48201,Trans from General Fund, $ -   
2026,22,30,30.235,999,Division of Family Services,Family Partnership,Family Support Center 2024 FS,50240,Dental Insurance Contributions, $ -   
2026,10,30,30.245,999,Division of Family Services,Office For Children & Family,Children & Family FS,52701,Contracted Services, $ -   
2026,22,30,30.235,999,Division of Family Services,Family Partnership,GED Youth FY26-FP,53010,Program / Activity Supplies," $ 1,919.00 "
2026,22,30,30.235,999,Division of Family Services,Family Partnership,GED Youth FY26-FP,50280,Unemployment Contributions, $ 10.00 
2026,22,30,30.235,999,Division of Family Services,Family Partnership,GED Youth FY27-FP,50280,Unemployment Contributions, $ -   
2026,22,30,30.245,999,Division of Family Services,Office For Children & Family,LMB Administration 2024 FS,50250,Social Security / Medicare, $ -   
2026,22,30,30.250,999,Division of Family Services,Child Advocacy Center,VOCA 2027 FS,41300,State Grants - Operating, $ -   
2026,22,30,30.235,999,Division of Family Services,Family Partnership,Safe and Stable Families 2027 FS,53505,Food, $ -   
2026,10,30,30.235,615,Division of Family Services,Family Partnership,Non-Parenting Youth,50239,Family Medical Leave Insurance, $ -   
2026,22,30,30.235,999,Division of Family Services,Family Partnership,GED Youth FY27-FP,50290,Worker's Compensation, $ -   
2026,22,30,30.245,999,Division of Family Services,Office For Children & Family,Local Care Team 2024 FS,50280,Unemployment Contributions, $ -   
2026,10,30,30.225,999,Division of Family Services,Family Services Admin,Family Services Admin,52765,Printing, $ 920.00 
2026,22,30,30.235,999,Division of Family Services,Family Partnership,Family Support Center 2026 FS,41300,State Grants - Operating," $ 330,000.00 "
2026,22,30,30.250,999,Division of Family Services,Child Advocacy Center,VOCA 2024 FS,52755,Dues / Subscriptions, $ -   
2026,22,30,30.225,999,Division of Family Services,Family Services Admin,Family Coaching FY26 FSA,54401,Subgrants," $ 98,000.00 "
2026,22,30,30.235,999,Division of Family Services,Family Partnership,Family Support Center 2027 FS,50101,Salary & Wages, $ -   
2026,10,30,30.235,999,Division of Family Services,Family Partnership,Family Partnership FS,52401,Telephone," $ 1,800.00 "
2026,10,30,30.245,999,Division of Family Services,Office For Children & Family,Children & Family FS,50260,Defined Benefit Plan, $ -   
2026,22,30,30.235,999,Division of Family Services,Family Partnership,Safe and Stable Families 2025 FS,50201,Health Insurance Contributions, $ -   
2026,22,30,30.225,999,Division of Family Services,Family Services Admin,Local Care Team 2027 FSA,50280,Unemployment Contributions, $ -   
2026,22,30,30.225,999,Division of Family Services,Family Services Admin,New Horizons FY26 FSA,54401,Subgrants," $ 107,000.00 "
2026,22,30,30.225,999,Division of Family Services,Family Services Admin,EN AAC FY25,46615,In-Kind Revenue - Grants, $ -   
2026,22,30,30.235,999,Division of Family Services,Family Partnership,Community Foundation 2023 FS,47095,Miscellaneous Revenues, $ -   
2026,22,30,30.235,999,Division of Family Services,Family Partnership,Judy Center 2024 FS,50240,Dental Insurance Contributions, $ -   
2026,22,30,30.235,999,Division of Family Services,Family Partnership,MFN Supplemental FY25,52425,Marketing, $ -   
2026,22,30,30.235,999,Division of Family Services,Family Partnership,Safe and Stable Families 2027 FS,50240,Dental Insurance Contributions, $ -   
2026,22,30,30.235,999,Division of Family Services,Family Partnership,Judy Center 2024 FS,50301,Life Insurance, $ -   
2026,22,30,30.225,999,Division of Family Services,Family Services Admin,LMB Administration 2027 FSA,50250,Social Security / Medicare, $ -   
2026,22,30,30.225,999,Division of Family Services,Family Services Admin,LMB Administration 2027 FSA,50201,Health Insurance Contributions, $ -   
2026,22,30,30.225,999,Division of Family Services,Family Services Admin,LMB Administration 2026 FSA,50290,Worker's Compensation, $ 69.00 
2026,22,30,30.225,999,Division of Family Services,Family Services Admin,LMB Administration 2025 FSA,48205,Trans from Gen Fund-Subsqt Yrs, $ -   
2026,22,30,30.250,999,Division of Family Services,Child Advocacy Center,VOCA 2027 FS,50280,Unemployment Contributions, $ -   
2026,22,30,30.250,999,Division of Family Services,Child Advocacy Center,VOCA 2025 FS,50260,Defined Benefit Plan, $ -   
2026,10,30,30.245,999,Division of Family Services,Office For Children & Family,Children & Family FS,50240,Dental Insurance Contributions, $ -   
2026,22,30,30.235,999,Division of Family Services,Family Partnership,GED Youth FY26-FP,53505,Food, $ 200.00 
2026,10,30,30.245,999,Division of Family Services,Office For Children & Family,Children & Family FS,53010,Program / Activity Supplies, $ -   
2026,22,30,30.225,999,Division of Family Services,Family Services Admin,Local Care Team 2027 FSA,50290,Worker's Compensation, $ -   
2026,22,30,30.235,999,Division of Family Services,Family Partnership,Youth Connections FY24-FP FS,50201,Health Insurance Contributions, $ -   
2026,10,30,30.235,999,Division of Family Services,Family Partnership,Family Partnership FS,50250,Social Security / Medicare," $ 31,407.00 "
2026,22,30,30.235,999,Division of Family Services,Family Partnership,Family Support Center 2024 FS,50301,Life Insurance, $ -   
2026,22,30,30.225,999,Division of Family Services,Family Services Admin,LMB Administration 2027 FSA,53605,Office Supplies, $ -   
2026,22,30,30.245,999,Division of Family Services,Office For Children & Family,Family Coaching FY24 FS,52701,Contracted Services, $ -   
2026,22,30,30.235,999,Division of Family Services,Family Partnership,Safe and Stable Families 2024 FS,50260,Defined Benefit Plan, $ -   
2026,22,30,30.225,999,Division of Family Services,Family Services Admin,Healthy Families 2026 FSA,41300,State Grants - Operating," $ 310,740.00 "
2026,22,30,30.235,999,Division of Family Services,Family Partnership,Safe and Stable Families 2027 FS,50260,Defined Benefit Plan, $ -   
2026,22,30,30.235,999,Division of Family Services,Family Partnership,Family Support Center 2024 FS,53505,Food, $ -   
2026,22,30,30.225,999,Division of Family Services,Family Services Admin,LMB Administration 2026 FSA,50250,Social Security / Medicare," $ 7,582.00 "
2026,22,30,30.225,999,Division of Family Services,Family Services Admin,LMB Administration 2025 FSA,52755,Dues / Subscriptions, $ -   
2026,22,30,30.250,999,Division of Family Services,Child Advocacy Center,VOCA 2023 FS,52755,Dues / Subscriptions, $ -   
2026,22,30,30.250,999,Division of Family Services,Child Advocacy Center,VOCA 2023 FS,41300,State Grants - Operating, $ -   
2026,22,30,30.235,999,Division of Family Services,Family Partnership,Family Support Center 2024 FS,54090,Event Expense, $ -   
2026,22,30,30.235,999,Division of Family Services,Family Partnership,Safe and Stable Families 2025 FS,50290,Worker's Compensation, $ -   
2026,22,30,30.235,999,Division of Family Services,Family Partnership,Judy Center 2027 FS,54090,Event Expense, $ -   
2026,22,30,30.235,999,Division of Family Services,Family Partnership,Youth Connections FY24-FP FS,53605,Office Supplies, $ -   
2026,22,30,30.225,999,Division of Family Services,Family Services Admin,Getting Ahead 2026 - FSA,41300,State Grants - Operating," $ 75,000.00 "
2026,22,30,30.250,999,Division of Family Services,Child Advocacy Center,VOCA 2025 FS,50240,Dental Insurance Contributions, $ -   
2026,22,30,30.235,999,Division of Family Services,Family Partnership,Judy Center 2024 FS,50280,Unemployment Contributions, $ -   
2026,22,30,30.235,999,Division of Family Services,Family Partnership,Safe and Stable Families 2026 FS,50301,Life Insurance, $ 336.00 
2026,10,30,30.225,999,Division of Family Services,Family Services Admin,Family Services Admin,50160,Overtime, $ -   
2026,22,30,30.245,999,Division of Family Services,Office For Children & Family,LMB Administration 2023 FS,52701,Contracted Services, $ -   
2026,22,30,30.250,999,Division of Family Services,Child Advocacy Center,VOCA 2023 FS,50225,OPEB, $ -   
2026,22,30,30.235,999,Division of Family Services,Family Partnership,Judy Center 2024 FS,50101,Salary & Wages, $ -   
2026,22,30,30.245,999,Division of Family Services,Office For Children & Family,LMB Administration 2024 FS,50101,Salary & Wages, $ -   
2026,22,30,30.250,999,Division of Family Services,Child Advocacy Center,VOCA 2024 FS,50250,Social Security / Medicare, $ -   
2026,22,30,30.235,999,Division of Family Services,Family Partnership,Family Support Center 2027 FS,50280,Unemployment Contributions, $ -   
2026,10,30,30.225,999,Division of Family Services,Family Services Admin,Family Services Admin,52425,Marketing," $ 4,000.00 "
2026,22,30,30.250,999,Division of Family Services,Child Advocacy Center,VOCA 2024 FS,41300,State Grants - Operating, $ -   
2026,22,30,30.235,999,Division of Family Services,Family Partnership,Judy Center 2027 FS,50250,Social Security / Medicare, $ -   
2026,22,30,30.235,999,Division of Family Services,Family Partnership,GED Youth FY27-FP,52755,Dues / Subscriptions, $ -   
2026,10,30,30.225,999,Division of Family Services,Family Services Admin,Family Services Admin,50290,Worker's Compensation, $ 356.00 
2026,10,30,30.250,999,Division of Family Services,Child Advocacy Center,Child Advocacy Center FS,50160,Overtime, $ -   
2026,10,30,30.235,999,Division of Family Services,Family Partnership,Family Partnership FS,50101,Salary & Wages," $ 410,560.00 "
2026,22,30,30.235,999,Division of Family Services,Family Partnership,Family Support Center 2026 FS,52235,Fleet Charges," $ 33,500.00 "
2026,22,30,30.235,999,Division of Family Services,Family Partnership,Family Support Center 2025 FS,52601,Travel / Training, $ -   
2026,22,30,30.250,999,Division of Family Services,Child Advocacy Center,VOCA 2023 FS,50250,Social Security / Medicare, $ -   
2026,22,30,30.250,999,Division of Family Services,Child Advocacy Center,CAC Services 2024 FS,52755,Dues / Subscriptions, $ -   
2026,22,30,30.225,999,Division of Family Services,Family Services Admin,LMB Administration 2025 FSA,50240,Dental Insurance Contributions, $ -   
2026,22,30,30.245,999,Division of Family Services,Office For Children & Family,LMB Administration 2024 FS,50225,OPEB, $ -   
2026,22,30,30.235,999,Division of Family Services,Family Partnership,Family Support Center 2026 FS,52601,Travel / Training," $ 2,000.00 "
2026,22,30,30.225,999,Division of Family Services,Family Services Admin,12 to 24 Collabr FY25,41300,State Grants - Operating, $ -   
2026,22,30,30.235,999,Division of Family Services,Family Partnership,Family Support Center 2025 FS,41300,State Grants - Operating, $ -   
2026,22,30,30.235,999,Division of Family Services,Family Partnership,Family Support Center 2025 FS,53200,Miscellaneous Supplies, $ -   
2026,22,30,30.235,999,Division of Family Services,Family Partnership,Family Support Center 2026 FS,52755,Dues / Subscriptions," $ 3,400.00 "
2026,22,30,30.235,999,Division of Family Services,Family Partnership,Safe and Stable Families 2026 FS,50290,Worker's Compensation, $ 130.00 
2026,22,30,30.235,999,Division of Family Services,Family Partnership,Family Support Center 2025 FS,53605,Office Supplies, $ -   
2026,22,30,30.235,999,Division of Family Services,Family Partnership,Judy Center 2026 FS,50101,Salary & Wages," $ 61,716.00 "
2026,22,30,30.235,999,Division of Family Services,Family Partnership,GED Youth FY27-FP,50240,Dental Insurance Contributions, $ -   
2026,22,30,30.250,999,Division of Family Services,Child Advocacy Center,VOCA 2024 FS,50290,Worker's Compensation, $ -   
2026,22,30,30.235,999,Division of Family Services,Family Partnership,Family Support Center 2026 FS,50301,Life Insurance," $ 2,839.00 "
2026,22,30,30.235,999,Division of Family Services,Family Partnership,MFN Supplemental,52701,Contracted Services, $ -   
2026,22,30,30.235,999,Division of Family Services,Family Partnership,Judy Center 2027 FS,53505,Food, $ -   
2026,10,30,30.245,999,Division of Family Services,Office For Children & Family,Children & Family FS,52755,Dues / Subscriptions, $ -   
2026,22,30,30.235,999,Division of Family Services,Family Partnership,Family Support Center 2024 FS,50160,Overtime, $ -   
2026,10,30,30.245,999,Division of Family Services,Office For Children & Family,Children & Family FS,50201,Health Insurance Contributions, $ -   
2026,22,30,30.225,999,Division of Family Services,Family Services Admin,Local Care Team 2025 FSA,50260,Defined Benefit Plan, $ -   
2026,22,30,30.235,999,Division of Family Services,Family Partnership,Safe and Stable Families 2027 FS,41055,Federal Grants - Pass Thru, $ -   
2026,22,30,30.250,999,Division of Family Services,Child Advocacy Center,VOCA 2024 FS,50101,Salary & Wages, $ -   
2026,10,30,30.235,615,Division of Family Services,Family Partnership,Non-Parenting Youth,52601,Travel / Training," $ 1,550.00 "
2026,22,30,30.235,999,Division of Family Services,Family Partnership,Safe and Stable Families 2026 FS,50101,Salary & Wages," $ 105,981.00 "
2026,22,30,30.245,999,Division of Family Services,Office For Children & Family,LMB Administration 2024 FS,50240,Dental Insurance Contributions, $ -   
2026,22,30,30.225,999,Division of Family Services,Family Services Admin,EN CB CHANGE CONVER FY25,54401,Subgrants, $ -   
2026,22,30,30.225,999,Division of Family Services,Family Services Admin,LMB Administration 2027 FSA,50101,Salary & Wages, $ -   
2026,22,30,30.245,999,Division of Family Services,Office For Children & Family,Healthy Families 2024 FS,41300,State Grants - Operating, $ -   
2026,22,30,30.235,999,Division of Family Services,Family Partnership,Family Support Center 2026 FS,53200,Miscellaneous Supplies, $ 500.00 
2026,22,30,30.225,999,Division of Family Services,Family Services Admin,Local Care Team 2026 FSA,52405,Telephone - Wireless, $ 540.00 
2026,22,30,30.235,999,Division of Family Services,Family Partnership,Family Support Center 2024 FS,52705,Supportive Services, $ -   
2026,22,30,30.235,999,Division of Family Services,Family Partnership,Family Support Center 2027 FS,52425,Marketing, $ -   
2026,22,30,30.235,999,Division of Family Services,Family Partnership,Judy Center 2026 FS,50240,Dental Insurance Contributions, $ 60.00 
2026,22,30,30.225,999,Division of Family Services,Family Services Admin,LMB Administration 2026 FSA,48201,Trans from General Fund," $ 92,724.00 "
2026,22,30,30.245,999,Division of Family Services,Office For Children & Family,Local Care Team 2024 FS,41300,State Grants - Operating, $ -   
2026,22,30,30.250,999,Division of Family Services,Child Advocacy Center,VOCA 2023 FS,50101,Salary & Wages, $ -   
2026,22,30,30.235,999,Division of Family Services,Family Partnership,Family Support Center 2024 FS,52401,Telephone, $ -   
2026,22,30,30.235,999,Division of Family Services,Family Partnership,Judy Center 2027 FS,50240,Dental Insurance Contributions, $ -   
2026,22,30,30.235,999,Division of Family Services,Family Partnership,Judy Center 2024 FS,52405,Telephone - Wireless, $ -   
2026,22,30,30.225,999,Division of Family Services,Family Services Admin,Local Care Team 2025 FSA,41300,State Grants - Operating, $ -   
2026,22,30,30.225,999,Division of Family Services,Family Services Admin,EN CB CHANGE CONVER FY25,41300,State Grants - Operating, $ -   
2026,10,30,30.225,999,Division of Family Services,Family Services Admin,Family Services Admin,50101,Salary & Wages," $ 428,851.00 "
2026,22,30,30.225,999,Division of Family Services,Family Services Admin,Local Care Team 2026 FSA,52601,Travel / Training," $ 27,792.00 "
2026,22,30,30.245,999,Division of Family Services,Office For Children & Family,Local Care Team 2024 FS,52601,Travel / Training, $ -   
2026,22,30,30.225,999,Division of Family Services,Family Services Admin,Healthy Families 2025 FSA,48201,Trans from General Fund, $ -   
2026,22,30,30.225,999,Division of Family Services,Family Services Admin,LMB Administration 2025 FSA,50201,Health Insurance Contributions, $ -   
2026,22,30,30.250,999,Division of Family Services,Child Advocacy Center,CAC Services 2027 FS,52405,Telephone - Wireless, $ -   
2026,22,30,30.235,999,Division of Family Services,Family Partnership,Judy Center 2026 FS,50290,Worker's Compensation, $ 43.00 
2026,22,30,30.245,999,Division of Family Services,Office For Children & Family,LMB Administration 2024 FS,52755,Dues / Subscriptions, $ -   
2026,22,30,30.250,999,Division of Family Services,Child Advocacy Center,VOCA 2024 FS,50225,OPEB, $ -   
2026,10,30,30.245,999,Division of Family Services,Office For Children & Family,Children & Family FS,50280,Unemployment Contributions, $ -   
2026,22,30,30.225,999,Division of Family Services,Family Services Admin,Local Care Team 2025 FSA,50280,Unemployment Contributions, $ -   
2026,22,30,30.250,999,Division of Family Services,Child Advocacy Center,VOCA 2025 FS,50301,Life Insurance, $ -   
2026,22,30,30.250,999,Division of Family Services,Child Advocacy Center,VOCA 2025 FS,50290,Worker's Compensation, $ -   
2026,22,30,30.235,999,Division of Family Services,Family Partnership,GED Youth FY27-FP,50201,Health Insurance Contributions, $ -   
2026,22,30,30.235,999,Division of Family Services,Family Partnership,Safe and Stable Families 2026 FS,50260,Defined Benefit Plan," $ 14,307.00 "
2026,22,30,30.235,999,Division of Family Services,Family Partnership,Family Support Center 2027 FS,53605,Office Supplies, $ -   
2026,10,30,30.250,999,Division of Family Services,Child Advocacy Center,Child Advocacy Center FS,53505,Food," $ 3,000.00 "
2026,10,30,30.250,999,Division of Family Services,Child Advocacy Center,Child Advocacy Center FS,53230,NonCapital Furniture / Equipment, $ -   
2026,22,30,30.235,999,Division of Family Services,Family Partnership,Youth Connections FY24-FP FS,50240,Dental Insurance Contributions, $ -   
2026,10,30,30.225,999,Division of Family Services,Family Services Admin,Family Services Admin,50240,Dental Insurance Contributions, $ 191.00 
2026,22,30,30.235,999,Division of Family Services,Family Partnership,Judy Center 2024 FS,41300,State Grants - Operating, $ -   
2026,22,30,30.245,999,Division of Family Services,Office For Children & Family,Local Care Team 2024 FS,50301,Life Insurance, $ -   
2026,22,30,30.225,999,Division of Family Services,Family Services Admin,LMB Administration 2025 FSA,53230,NonCapital Furniture / Equipment, $ -   
2026,22,30,30.235,999,Division of Family Services,Family Partnership,Family Support Center 2026 FS,52745,Postage, $ 50.00 
2026,22,30,30.235,999,Division of Family Services,Family Partnership,Youth Connections FY24-FP FS,52601,Travel / Training, $ -   
2026,22,30,30.235,999,Division of Family Services,Family Partnership,GED Youth FY25-FP,60180,Miscellaneous Recovery, $ -   
2026,22,30,30.235,999,Division of Family Services,Family Partnership,GED Youth FY27-FP,53505,Food, $ -   
2026,22,30,30.235,999,Division of Family Services,Family Partnership,Family Support Center 2027 FS,52235,Fleet Charges, $ -   
2026,10,30,30.250,999,Division of Family Services,Child Advocacy Center,Child Advocacy Center FS,50225,OPEB, $ -   
2026,22,30,30.235,999,Division of Family Services,Family Partnership,GED Youth FY27-FP,60180,Miscellaneous Recovery, $ -   
2026,22,30,30.235,999,Division of Family Services,Family Partnership,Family Support Center 2027 FS,52401,Telephone, $ -   
2026,22,30,30.235,999,Division of Family Services,Family Partnership,MFN Supplemental,52425,Marketing, $ -   
2026,22,30,30.235,999,Division of Family Services,Family Partnership,Family Support Center 2024 FS,53200,Miscellaneous Supplies, $ -   
2026,22,30,30.235,999,Division of Family Services,Family Partnership,Judy Center 2026 FS,52401,Telephone, $ 300.00 
2026,22,30,30.225,999,Division of Family Services,Family Services Admin,Local Care Team 2026 FSA,50240,Dental Insurance Contributions, $ 60.00 
2026,22,30,30.245,999,Division of Family Services,Office For Children & Family,Integrated Systems of Care2024 FS,48201,Trans from General Fund, $ -   
2026,22,30,30.235,999,Division of Family Services,Family Partnership,Judy Center 2024 FS,50250,Social Security / Medicare, $ -   
2026,22,30,30.225,999,Division of Family Services,Family Services Admin,ENGH CB FY25,53605,Office Supplies, $ -   
2026,22,30,30.235,999,Division of Family Services,Family Partnership,Youth Connections FY24-FP FS,53010,Program / Activity Supplies, $ -   
2026,22,30,30.245,999,Division of Family Services,Office For Children & Family,LMB Administration 2024 FS,41300,State Grants - Operating, $ -   
2026,10,30,30.235,615,Division of Family Services,Family Partnership,Non-Parenting Youth,50225,OPEB, $ -   
2026,22,30,30.235,999,Division of Family Services,Family Partnership,Safe and Stable Families 2027 FS,50301,Life Insurance, $ -   
2026,22,30,30.235,999,Division of Family Services,Family Partnership,Family Support Center 2024 FS,52601,Travel / Training, $ -   
2026,22,30,30.235,999,Division of Family Services,Family Partnership,Family Support Center 2025 FS,52401,Telephone, $ -   
2026,22,30,30.235,999,Division of Family Services,Family Partnership,Judy Center 2025 FS,50240,Dental Insurance Contributions, $ -   
2026,10,30,30.250,999,Division of Family Services,Child Advocacy Center,Child Advocacy Center FS,50250,Social Security / Medicare," $ 43,666.00 "
2026,22,30,30.235,999,Division of Family Services,Family Partnership,Safe and Stable Families 2024 FS,50290,Worker's Compensation, $ -   
2026,22,30,30.235,999,Division of Family Services,Family Partnership,Judy Center 2027 FS,53010,Program / Activity Supplies, $ -   
2026,10,30,30.250,999,Division of Family Services,Child Advocacy Center,Child Advocacy Center FS,52745,Postage, $ 200.00 
2026,22,30,30.225,999,Division of Family Services,Family Services Admin,LMB Administration 2027 FSA,46615,In-Kind Revenue - Grants, $ -   
2026,22,30,30.235,999,Division of Family Services,Family Partnership,Family Support Center 2024 FS,53010,Program / Activity Supplies, $ -   
2026,22,30,30.235,999,Division of Family Services,Family Partnership,Family Support Center 2024 FS,52745,Postage, $ -   
2026,22,30,30.225,999,Division of Family Services,Family Services Admin,LMB Administration 2026 FSA,41300,State Grants - Operating," $ 121,353.00 "
2026,22,30,30.225,999,Division of Family Services,Family Services Admin,LMB Administration 2026 FSA,52601,Travel / Training," $ 10,000.00 "
2026,10,30,30.250,999,Division of Family Services,Child Advocacy Center,Child Advocacy Center FS,52420,Advertising, $ -   
2026,22,30,30.235,999,Division of Family Services,Family Partnership,Family Support Center 2026 FS,52425,Marketing, $ 150.00 
2026,22,30,30.235,999,Division of Family Services,Family Partnership,GED Youth FY26-FP,60180,Miscellaneous Recovery," $ (40,000.00)"
2026,22,30,30.235,999,Division of Family Services,Family Partnership,Family Support Center 2027 FS,53200,Miscellaneous Supplies, $ -   
2026,22,30,30.235,999,Division of Family Services,Family Partnership,MFN Supplemental FY25,53215,Computer Hardware / Software, $ -   
2026,22,30,30.235,999,Division of Family Services,Family Partnership,Safe and Stable Families 2027 FS,53010,Program / Activity Supplies, $ -   
2026,22,30,30.235,999,Division of Family Services,Family Partnership,Judy Center 2027 FS,50101,Salary & Wages, $ -   
2026,22,30,30.235,999,Division of Family Services,Family Partnership,Safe and Stable Families 2024 FS,50280,Unemployment Contributions, $ -   
2026,22,30,30.235,999,Division of Family Services,Family Partnership,Safe and Stable Families 2025 FS,50301,Life Insurance, $ -   
2026,22,30,30.235,999,Division of Family Services,Family Partnership,Family Support Center 2026 FS,52401,Telephone," $ 10,000.00 "
2026,22,30,30.235,999,Division of Family Services,Family Partnership,Safe and Stable Families 2025 FS,41055,Federal Grants - Pass Thru, $ -   
2026,22,30,30.245,999,Division of Family Services,Office For Children & Family,LMB Administration 2024 FS,50280,Unemployment Contributions, $ -   
2026,22,30,30.235,999,Division of Family Services,Family Partnership,Family Support Center 2025 FS,50201,Health Insurance Contributions, $ -   
2026,22,30,30.250,999,Division of Family Services,Child Advocacy Center,VOCA 2025 FS,53230,NonCapital Furniture / Equipment, $ -   
2026,22,30,30.235,999,Division of Family Services,Family Partnership,Family Support Center 2025 FS,50225,OPEB, $ -   
2026,22,30,30.235,999,Division of Family Services,Family Partnership,Judy Center 2024 FS,53010,Program / Activity Supplies, $ -   
2026,22,30,30.235,999,Division of Family Services,Family Partnership,Judy Center 2026 FS,53010,Program / Activity Supplies," $ 1,500.00 "
2026,22,30,30.250,999,Division of Family Services,Child Advocacy Center,VOCA 2027 FS,48201,Trans from General Fund, $ -   
2026,22,30,30.225,999,Division of Family Services,Family Services Admin,Family Coaching FY25 FSA,41300,State Grants - Operating, $ -   
2026,22,30,30.235,999,Division of Family Services,Family Partnership,Family Support Center 2025 FS,52235,Fleet Charges, $ -   
2026,22,30,30.235,999,Division of Family Services,Family Partnership,Judy Center 2025 FS,50290,Worker's Compensation, $ -   
2026,10,30,30.235,615,Division of Family Services,Family Partnership,Non-Parenting Youth,52790,Client Services, $ 500.00 
2026,22,30,30.235,999,Division of Family Services,Family Partnership,Youth Connections FY24-FP FS,50225,OPEB, $ -   
2026,22,30,30.235,999,Division of Family Services,Family Partnership,Judy Center 2026 FS,41300,State Grants - Operating," $ 100,000.00 "
2026,22,30,30.235,999,Division of Family Services,Family Partnership,Youth Connections FY24-FP FS,50260,Defined Benefit Plan, $ -   
2026,22,30,30.235,999,Division of Family Services,Family Partnership,Family Support Center 2024 FS,50250,Social Security / Medicare, $ -   
2026,10,30,30.250,999,Division of Family Services,Child Advocacy Center,Child Advocacy Center FS,60180,Miscellaneous Recovery," $ (2,378.00)"
2026,22,30,30.225,999,Division of Family Services,Family Services Admin,LMB Administration 2027 FSA,50280,Unemployment Contributions, $ -   
2026,22,30,30.235,999,Division of Family Services,Family Partnership,Family Support Center 2027 FS,53010,Program / Activity Supplies, $ -   
2026,22,30,30.235,999,Division of Family Services,Family Partnership,Safe and Stable Families 2026 FS,50250,Social Security / Medicare," $ 8,107.00 "
2026,22,30,30.225,999,Division of Family Services,Family Services Admin,New Horizons FY25 FSA,41300,State Grants - Operating, $ -   
2026,22,30,30.235,999,Division of Family Services,Family Partnership,Judy Center 2025 FS,50101,Salary & Wages, $ -   
2026,22,30,30.235,999,Division of Family Services,Family Partnership,GED Youth FY26-FP,50101,Salary & Wages," $ 20,202.00 "
2026,22,30,30.235,999,Division of Family Services,Family Partnership,Family Support Center 2027 FS,54090,Event Expense, $ -   
2026,22,30,30.235,999,Division of Family Services,Family Partnership,Family Support Center 2026 FS,41055,Federal Grants - Pass Thru," $ 30,000.00 "
2026,22,30,30.225,999,Division of Family Services,Family Services Admin,LMB Administration 2026 FSA,52765,Printing, $ 800.00 
2026,22,30,30.250,999,Division of Family Services,Child Advocacy Center,CAC Services 2026 FS,52405,Telephone - Wireless," $ 3,200.00 "
2026,22,30,30.235,999,Division of Family Services,Family Partnership,Safe and Stable Families 2027 FS,50290,Worker's Compensation, $ -   
2026,22,30,30.235,999,Division of Family Services,Family Partnership,Judy Center 2027 FS,50239,Family Medical Leave Insurance, $ -   
2026,22,30,30.235,999,Division of Family Services,Family Partnership,Judy Center 2024 FS,53505,Food, $ -   
2026,22,30,30.235,999,Division of Family Services,Family Partnership,GED Youth FY27-FP,50250,Social Security / Medicare, $ -   
2026,22,30,30.245,999,Division of Family Services,Office For Children & Family,LMB Administration 2024 FS,50201,Health Insurance Contributions, $ -   
2026,22,30,30.225,999,Division of Family Services,Family Services Admin,LMB Administration 2027 FSA,50301,Life Insurance, $ -   
2026,22,30,30.250,999,Division of Family Services,Child Advocacy Center,VOCA 2026 FS,50301,Life Insurance, $ 216.00 
2026,10,30,30.250,999,Division of Family Services,Child Advocacy Center,Child Advocacy Center FS,52405,Telephone - Wireless," $ 1,500.00 "
2026,22,30,30.235,999,Division of Family Services,Family Partnership,GED Youth FY25-FP,50201,Health Insurance Contributions, $ -   
2026,22,30,30.250,999,Division of Family Services,Child Advocacy Center,VOCA 2026 FS,46615,In-Kind Revenue - Grants," $ 60,590.00 "
2026,10,30,30.235,999,Division of Family Services,Family Partnership,Family Partnership FS,50225,OPEB, $ -   
2026,22,30,30.225,999,Division of Family Services,Family Services Admin,New Horizons FY25 FSA,54401,Subgrants, $ -   
2026,22,30,30.245,999,Division of Family Services,Office For Children & Family,Integrated Systems of Care2024 FS,41300,State Grants - Operating, $ -   
2026,22,30,30.235,999,Division of Family Services,Family Partnership,GED Youth FY27-FP,50301,Life Insurance, $ -   
2026,22,30,30.245,999,Division of Family Services,Office For Children & Family,LMB Administration 2024 FS,48201,Trans from General Fund, $ -   
2026,22,30,30.235,999,Division of Family Services,Family Partnership,Family Support Center 2026 FS,50260,Defined Benefit Plan," $ 120,955.00 "
2026,22,30,30.235,999,Division of Family Services,Family Partnership,Family Support Center 2027 FS,52601,Travel / Training, $ -   
2026,22,30,30.235,999,Division of Family Services,Family Partnership,Safe and Stable Families 2027 FS,53315,Fleet Fuel, $ -   
2026,22,30,30.235,999,Division of Family Services,Family Partnership,Safe and Stable Families 2027 FS,50101,Salary & Wages, $ -   
2026,22,30,30.235,999,Division of Family Services,Family Partnership,Judy Center 2025 FS,50225,OPEB, $ -   
2026,10,30,30.225,999,Division of Family Services,Family Services Admin,Family Services Admin,54110,Misc Operating Expense, $ -   
2026,22,30,30.235,999,Division of Family Services,Family Partnership,Family Support Center 2027 FS,52745,Postage, $ -   
2026,22,30,30.235,999,Division of Family Services,Family Partnership,Family Support Center 2026 FS,53505,Food," $ 6,500.00 "
2026,22,30,30.235,999,Division of Family Services,Family Partnership,GED Youth FY27-FP,53010,Program / Activity Supplies, $ -   
2026,22,30,30.235,999,Division of Family Services,Family Partnership,Judy Center 2026 FS,50250,Social Security / Medicare," $ 4,721.00 "
2026,22,30,30.235,999,Division of Family Services,Family Partnership,Judy Center 2026 FS,52701,Contracted Services," $ 1,000.00 "
2026,22,30,30.225,999,Division of Family Services,Family Services Admin,ENGH-CB 1224,54401,Subgrants, $ -   
2026,22,30,30.235,999,Division of Family Services,Family Partnership,GED Youth FY25-FP,50250,Social Security / Medicare, $ -   
2026,10,30,30.225,999,Division of Family Services,Family Services Admin,Family Services Admin,53230,NonCapital Furniture / Equipment, $ -   
2026,22,30,30.245,999,Division of Family Services,Office For Children & Family,Healthy Families 2024 FS,52701,Contracted Services, $ -   
2026,22,30,30.235,999,Division of Family Services,Family Partnership,Family Support Center 2027 FS,50201,Health Insurance Contributions, $ -   
2026,22,30,30.235,999,Division of Family Services,Family Partnership,Family Support Center 2027 FS,52790,Client Services, $ -   
2026,10,30,30.250,999,Division of Family Services,Child Advocacy Center,Child Advocacy Center FS,52601,Travel / Training," $ 7,356.00 "
2026,22,30,30.225,999,Division of Family Services,Family Services Admin,ENOUGH 2025,53505,Food, $ -   
2026,22,30,30.245,999,Division of Family Services,Office For Children & Family,Local Care Team 2024 FS,50201,Health Insurance Contributions, $ -   
2026,22,30,30.235,999,Division of Family Services,Family Partnership,Family Support Center 2025 FS,53010,Program / Activity Supplies, $ -   
2026,22,30,30.235,999,Division of Family Services,Family Partnership,Family Support Center 2027 FS,53315,Fleet Fuel, $ -   
2026,22,30,30.235,999,Division of Family Services,Family Partnership,GED Youth FY27-FP,50260,Defined Benefit Plan, $ -   
2026,22,30,30.225,999,Division of Family Services,Family Services Admin,AON EN FY25,54401,Subgrants, $ -   
2026,22,30,30.235,999,Division of Family Services,Family Partnership,GED Youth FY25-FP,52601,Travel / Training, $ -   
2026,22,30,30.225,999,Division of Family Services,Family Services Admin,LMB Administration 2025 FSA,48201,Trans from General Fund, $ -   
2026,22,30,30.225,999,Division of Family Services,Family Services Admin,EN COF FY25,41300,State Grants - Operating, $ -   
2026,10,30,30.245,999,Division of Family Services,Office For Children & Family,Children & Family FS,52405,Telephone - Wireless, $ -   
2026,22,30,30.235,999,Division of Family Services,Family Partnership,GED Youth FY25-FP,53010,Program / Activity Supplies, $ -   
2026,22,30,30.235,999,Division of Family Services,Family Partnership,Family Support Center 2024 FS,52235,Fleet Charges, $ -   
2026,22,30,30.235,999,Division of Family Services,Family Partnership,Family Support Center 2025 FS,50250,Social Security / Medicare, $ -   
2026,22,30,30.235,999,Division of Family Services,Family Partnership,Judy Center 2027 FS,41300,State Grants - Operating, $ -   
2026,10,30,30.235,615,Division of Family Services,Family Partnership,Non-Parenting Youth,52755,Dues / Subscriptions," $ 3,151.00 "
2026,22,30,30.235,999,Division of Family Services,Family Partnership,Community Foundation 2023 FS,53010,Program / Activity Supplies, $ -   
2026,22,30,30.225,999,Division of Family Services,Family Services Admin,Local Care Team 2026 FSA,50260,Defined Benefit Plan," $ 6,333.00 "
2026,22,30,30.235,999,Division of Family Services,Family Partnership,Safe and Stable Families 2025 FS,53315,Fleet Fuel, $ -   
2026,22,30,30.225,999,Division of Family Services,Family Services Admin,ENOUGH 2025,46615,In-Kind Revenue - Grants, $ -   
2026,10,30,30.235,999,Division of Family Services,Family Partnership,Family Partnership FS,53505,Food, $ 400.00 
2026,22,30,30.235,999,Division of Family Services,Family Partnership,MFN Supplemental FY25,54090,Event Expense, $ -   
2026,10,30,30.250,999,Division of Family Services,Child Advocacy Center,Child Advocacy Center FS,50240,Dental Insurance Contributions, $ 180.00 
2026,22,30,30.235,999,Division of Family Services,Family Partnership,CF- FY23 Impact Grant,53010,Program / Activity Supplies, $ -   
2026,22,30,30.245,999,Division of Family Services,Office For Children & Family,Local Care Team 2024 FS,50250,Social Security / Medicare, $ -   
2026,22,30,30.225,999,Division of Family Services,Family Services Admin,LMB Administration 2027 FSA,50260,Defined Benefit Plan, $ -   
2026,22,30,30.250,999,Division of Family Services,Child Advocacy Center,CAC Services 2024 FS,52601,Travel / Training, $ -   
2026,22,30,30.235,999,Division of Family Services,Family Partnership,Family Support Center 2025 FS,54090,Event Expense, $ -   
2026,22,30,30.235,999,Division of Family Services,Family Partnership,Family Support Center 2024 FS,52790,Client Services, $ -   
2026,22,30,30.225,999,Division of Family Services,Family Services Admin,12 to 24 Collabr FY25,54401,Subgrants, $ -   
2026,22,30,30.235,999,Division of Family Services,Family Partnership,Family Support Center 2027 FS,52755,Dues / Subscriptions, $ -   
2026,22,30,30.235,999,Division of Family Services,Family Partnership,Family Support Center 2026 FS,50280,Unemployment Contributions, $ 459.00 
2026,22,30,30.235,999,Division of Family Services,Family Partnership,Safe and Stable Families 2025 FS,50225,OPEB, $ -   
2026,22,30,30.225,999,Division of Family Services,Family Services Admin,ENGH CB FY25,52701,Contracted Services, $ -   
2026,22,30,30.235,999,Division of Family Services,Family Partnership,MFN Supplemental FY25,53010,Program / Activity Supplies, $ -   
2026,22,30,30.225,999,Division of Family Services,Family Services Admin,Local Care Team 2027 FSA,50260,Defined Benefit Plan, $ -   
2026,22,30,30.235,999,Division of Family Services,Family Partnership,Safe and Stable Families 2026 FS,48201,Trans from General Fund," $ 7,229.00 "
2026,22,30,30.235,999,Division of Family Services,Family Partnership,Judy Center 2027 FS,50290,Worker's Compensation, $ -   
2026,22,30,30.225,999,Division of Family Services,Family Services Admin,ENOUGH 2025,52420,Advertising, $ -   
2026,10,30,30.250,999,Division of Family Services,Child Advocacy Center,Child Advocacy Center FS,52615,Mileage," $ 2,500.00 "
2026,22,30,30.225,999,Division of Family Services,Family Services Admin,LMB Administration 2027 FSA,50290,Worker's Compensation, $ -   
2026,22,30,30.235,999,Division of Family Services,Family Partnership,Family Support Center 2024 FS,52765,Printing, $ -   
2026,22,30,30.235,999,Division of Family Services,Family Partnership,Judy Center 2027 FS,50280,Unemployment Contributions, $ -   
2026,22,30,30.235,999,Division of Family Services,Family Partnership,Judy Center 2024 FS,54090,Event Expense, $ -   
2026,10,30,30.235,999,Division of Family Services,Family Partnership,Family Partnership FS,50280,Unemployment Contributions, $ 210.00 
2026,22,30,30.225,999,Division of Family Services,Family Services Admin,Local Care Team 2027 FSA,50301,Life Insurance, $ -   
2026,22,30,30.250,999,Division of Family Services,Child Advocacy Center,VOCA 2026 FS,50260,Defined Benefit Plan," $ 9,183.00 "
2026,22,30,30.235,999,Division of Family Services,Family Partnership,Safe and Stable Families 2027 FS,41300,State Grants - Operating, $ -   
2026,22,30,30.235,999,Division of Family Services,Family Partnership,Safe and Stable Families 2024 FS,53315,Fleet Fuel, $ -   
2026,22,30,30.235,999,Division of Family Services,Family Partnership,Safe and Stable Families 2024 FS,50225,OPEB, $ -   
2026,22,30,30.235,999,Division of Family Services,Family Partnership,Safe and Stable Families 2024 FS,50101,Salary & Wages, $ -   
2026,22,30,30.225,999,Division of Family Services,Family Services Admin,LMB Administration 2025 FSA,50290,Worker's Compensation, $ -   
2026,22,30,30.235,999,Division of Family Services,Family Partnership,Judy Center 2024 FS,50201,Health Insurance Contributions, $ -   
2026,22,30,30.235,999,Division of Family Services,Family Partnership,GED Youth FY25-FP,50240,Dental Insurance Contributions, $ -   
2026,22,30,30.235,999,Division of Family Services,Family Partnership,Family Support Center 2026 FS,52310,Vehicle / Equip Insurance, $ 900.00 
2026,22,30,30.235,999,Division of Family Services,Family Partnership,Family Support Center 2025 FS,52745,Postage, $ -   
2026,22,30,30.235,999,Division of Family Services,Family Partnership,Family Support Center 2026 FS,48201,Trans from General Fund," $ 1,075,781.00 "
2026,22,30,30.225,999,Division of Family Services,Family Services Admin,Youth Connections FY26 FSA,54401,Subgrants," $ 40,000.00 "
2026,22,30,30.250,999,Division of Family Services,Child Advocacy Center,CAC Services 2024 FS,53010,Program / Activity Supplies, $ -   
2026,22,30,30.225,999,Division of Family Services,Family Services Admin,Local Care Team 2027 FSA,41300,State Grants - Operating, $ -   
2026,22,30,30.235,999,Division of Family Services,Family Partnership,Family Support Center 2027 FS,50260,Defined Benefit Plan, $ -   
2026,22,30,30.235,999,Division of Family Services,Family Partnership,Family Support Center 2024 FS,52615,Mileage, $ -   
2026,22,30,30.235,999,Division of Family Services,Family Partnership,Judy Center 2027 FS,53605,Office Supplies, $ -   
2026,10,30,30.250,999,Division of Family Services,Child Advocacy Center,Child Advocacy Center FS,52765,Printing," $ 2,500.00 "
2026,22,30,30.250,999,Division of Family Services,Child Advocacy Center,CAC Services 2024 FS,52405,Telephone - Wireless, $ -   
2026,10,30,30.250,999,Division of Family Services,Child Advocacy Center,Child Advocacy Center FS,50290,Worker's Compensation," $ 3,156.00 "
2026,22,30,30.225,999,Division of Family Services,Family Services Admin,LMB Administration 2025 FSA,41300,State Grants - Operating, $ -   
2026,22,30,30.225,999,Division of Family Services,Family Services Admin,Getting Ahead 2025 - FSA,41300,State Grants - Operating, $ -   
2026,22,30,30.225,999,Division of Family Services,Family Services Admin,Local Care Team 2026 FSA,41300,State Grants - Operating," $ 85,706.00 "
2026,22,30,30.235,999,Division of Family Services,Family Partnership,Judy Center 2026 FS,48201,Trans from General Fund," $ 11,373.00 "
2026,22,30,30.225,999,Division of Family Services,Family Services Admin,LMB Administration 2025 FSA,52765,Printing, $ -   
2026,10,30,30.235,999,Division of Family Services,Family Partnership,Family Partnership FS,53215,Computer Hardware / Software, $ -   
2026,22,30,30.250,999,Division of Family Services,Child Advocacy Center,VOCA 2026 FS,50280,Unemployment Contributions, $ 90.00 
2026,22,30,30.235,999,Division of Family Services,Family Partnership,Safe and Stable Families 2026 FS,53315,Fleet Fuel," $ 2,800.00 "
2026,22,30,30.250,999,Division of Family Services,Child Advocacy Center,VOCA 2026 FS,50290,Worker's Compensation," $ 1,157.00 "
2026,22,30,30.250,999,Division of Family Services,Child Advocacy Center,VOCA 2027 FS,50260,Defined Benefit Plan, $ -   
2026,22,30,30.235,999,Division of Family Services,Family Partnership,Family Support Center 2026 FS,52405,Telephone - Wireless," $ 5,700.00 "
2026,22,30,30.225,999,Division of Family Services,Family Services Admin,Getting Ahead 2025 - FSA,54401,Subgrants, $ -   
2026,22,30,30.235,999,Division of Family Services,Family Partnership,MFN Supplemental,55201,Capital - Furniture / Equipmen, $ -   
2026,22,30,30.225,999,Division of Family Services,Family Services Admin,EN SSC FY25,41300,State Grants - Operating, $ -   
2026,22,30,30.235,999,Division of Family Services,Family Partnership,Community Foundation 2023 FS,50101,Salary & Wages, $ -   
2026,22,30,30.250,999,Division of Family Services,Child Advocacy Center,VOCA 2025 FS,50250,Social Security / Medicare, $ -   
2026,22,30,30.235,999,Division of Family Services,Family Partnership,Safe and Stable Families 2025 FS,41300,State Grants - Operating, $ -   
2026,22,30,30.250,999,Division of Family Services,Child Advocacy Center,VOCA 2026 FS,41300,State Grants - Operating," $ 228,279.00 "
2026,22,30,30.225,999,Division of Family Services,Family Services Admin,LMB Administration 2027 FSA,50239,Family Medical Leave Insurance, $ -   
2026,22,30,30.235,999,Division of Family Services,Family Partnership,Family Support Center 2025 FS,48201,Trans from General Fund, $ -   
2026,22,30,30.250,999,Division of Family Services,Child Advocacy Center,VOCA 2025 FS,53010,Program / Activity Supplies, $ -   
2026,22,30,30.225,999,Division of Family Services,Family Services Admin,LMB Administration 2025 FSA,50260,Defined Benefit Plan, $ -   
2026,10,30,30.235,999,Division of Family Services,Family Partnership,Family Partnership FS,50160,Overtime, $ -   
2026,22,30,30.225,999,Division of Family Services,Family Services Admin,Healthy Families 2024 FSA,47201,Budgeted Fund Balance, $ -   
2026,22,30,30.235,999,Division of Family Services,Family Partnership,Youth Connections FY24-FP FS,50280,Unemployment Contributions, $ -   
2026,10,30,30.235,615,Division of Family Services,Family Partnership,Non-Parenting Youth,52405,Telephone - Wireless, $ 528.00 
2026,22,30,30.235,999,Division of Family Services,Family Partnership,Safe and Stable Families 2025 FS,50250,Social Security / Medicare, $ -   
2026,22,30,30.225,999,Division of Family Services,Family Services Admin,ENOUGH 2025,50101,Salary & Wages, $ -   
2026,22,30,30.235,999,Division of Family Services,Family Partnership,Family Support Center 2024 FS,53315,Fleet Fuel, $ -   
2026,22,30,30.245,999,Division of Family Services,Office For Children & Family,LMB Administration 2024 FS,50260,Defined Benefit Plan, $ -   
2026,22,30,30.245,999,Division of Family Services,Office For Children & Family,Youth Connections FY24 FS,48201,Trans from General Fund, $ -   
2026,22,30,30.245,999,Division of Family Services,Office For Children & Family,Getting Ahead 2025,54401,Subgrants, $ -   
2026,22,30,30.235,999,Division of Family Services,Family Partnership,Judy Center 2026 FS,50201,Health Insurance Contributions," $ 28,907.00 "
2026,22,30,30.235,999,Division of Family Services,Family Partnership,Safe and Stable Families 2024 FS,52405,Telephone - Wireless, $ -   
2026,10,30,30.235,999,Division of Family Services,Family Partnership,Family Partnership FS,50301,Life Insurance," $ 1,259.00 "
2026,22,30,30.235,999,Division of Family Services,Family Partnership,MFN Supplemental,53010,Program / Activity Supplies, $ -   
2026,10,30,30.235,999,Division of Family Services,Family Partnership,Family Partnership FS,45550,Contributions & Donations, $ -   
2026,22,30,30.235,999,Division of Family Services,Family Partnership,Safe and Stable Families 2025 FS,52235,Fleet Charges, $ -   
2026,22,30,30.225,999,Division of Family Services,Family Services Admin,LMB Administration 2025 FSA,50301,Life Insurance, $ -   
2026,10,30,30.245,999,Division of Family Services,Office For Children & Family,Children & Family FS,51195,Interpreter - Foreign Language, $ -   
2026,22,30,30.235,999,Division of Family Services,Family Partnership,Family Support Center 2026 FS,50250,Social Security / Medicare," $ 68,543.00 "
2026,10,30,30.250,999,Division of Family Services,Child Advocacy Center,Child Advocacy Center FS,53605,Office Supplies," $ 2,600.00 "
2026,22,30,30.245,999,Division of Family Services,Office For Children & Family,Local Care Team 2024 FS,50260,Defined Benefit Plan, $ -   
2026,22,30,30.225,999,Division of Family Services,Family Services Admin,LMB Administration 2025 FSA,50101,Salary & Wages, $ -   
2026,22,30,30.225,999,Division of Family Services,Family Services Admin,Local Care Team 2025 FSA,50201,Health Insurance Contributions, $ -   
2026,22,30,30.235,999,Division of Family Services,Family Partnership,Judy Center 2027 FS,50260,Defined Benefit Plan, $ -   
2026,22,30,30.250,999,Division of Family Services,Child Advocacy Center,VOCA 2025 FS,50101,Salary & Wages, $ -   
2026,22,30,30.245,999,Division of Family Services,Office For Children & Family,LMB Administration 2024 FS,52765,Printing, $ -   
2026,22,30,30.235,999,Division of Family Services,Family Partnership,Youth Connections FY24-FP FS,50290,Worker's Compensation, $ -   
2026,10,30,30.250,999,Division of Family Services,Child Advocacy Center,Child Advocacy Center FS,53010,Program / Activity Supplies," $ 3,000.00 "
2026,22,30,30.250,999,Division of Family Services,Child Advocacy Center,VOCA 2026 FS,58001,In-Kind Salaries - Grants," $ 60,590.00 "
2026,22,30,30.235,999,Division of Family Services,Family Partnership,GED Youth FY26-FP,50301,Life Insurance, $ 64.00 
2026,22,30,30.225,999,Division of Family Services,Family Services Admin,LMB Administration 2026 FSA,58001,In-Kind Salaries - Grants," $ 103,743.00 "
2026,10,30,30.235,999,Division of Family Services,Family Partnership,Family Partnership FS,50239,Family Medical Leave Insurance, $ -   
2026,22,30,30.235,999,Division of Family Services,Family Partnership,Judy Center 2025 FS,41300,State Grants - Operating, $ -   
2026,22,30,30.225,999,Division of Family Services,Family Services Admin,Local Care Team 2026 FSA,50301,Life Insurance, $ 149.00 
2026,22,30,30.225,999,Division of Family Services,Family Services Admin,LMB Administration 2027 FSA,41300,State Grants - Operating, $ -   
2026,22,30,30.225,999,Division of Family Services,Family Services Admin,Local Care Team 2025 FSA,50301,Life Insurance, $ -   
2026,22,30,30.235,999,Division of Family Services,Family Partnership,Safe and Stable Families 2027 FS,52235,Fleet Charges, $ -   
2026,22,30,30.225,999,Division of Family Services,Family Services Admin,ENOUGH 2025,41300,State Grants - Operating, $ -   
2026,22,30,30.225,999,Division of Family Services,Family Services Admin,LMB Administration 2025 FSA,50225,OPEB, $ -   
2026,22,30,30.235,999,Division of Family Services,Family Partnership,Safe and Stable Families 2024 FS,50201,Health Insurance Contributions, $ -   
2026,10,30,30.235,615,Division of Family Services,Family Partnership,Non-Parenting Youth,53010,Program / Activity Supplies," $ 5,409.00 "
2026,22,30,30.225,999,Division of Family Services,Family Services Admin,LMB Administration 2027 FSA,52765,Printing, $ -   
2026,22,30,30.235,999,Division of Family Services,Family Partnership,Family Support Center 2024 FS,52701,Contracted Services, $ -   
2026,22,30,30.225,999,Division of Family Services,Family Services Admin,EN CENTRO FY25,41300,State Grants - Operating, $ -   
2026,22,30,30.235,999,Division of Family Services,Family Partnership,Judy Center 2024 FS,48201,Trans from General Fund, $ -   
2026,22,30,30.235,999,Division of Family Services,Family Partnership,Judy Center 2024 FS,52705,Supportive Services, $ -   
2026,22,30,30.235,999,Division of Family Services,Family Partnership,Judy Center 2024 FS,55201,Capital - Furniture / Equipmen, $ -   
2026,10,30,30.225,999,Division of Family Services,Family Services Admin,Family Services Admin,52601,Travel / Training," $ 11,050.00 "
2026,22,30,30.225,999,Division of Family Services,Family Services Admin,Local Care Team 2025 FSA,50250,Social Security / Medicare, $ -   
2026,10,30,30.235,999,Division of Family Services,Family Partnership,Family Partnership FS,53230,NonCapital Furniture / Equipment, $ -   
2026,10,30,30.250,999,Division of Family Services,Child Advocacy Center,Child Advocacy Center FS,50280,Unemployment Contributions, $ 240.00 
2026,22,30,30.235,999,Division of Family Services,Family Partnership,Family Support Center 2027 FS,52701,Contracted Services, $ -   
2026,22,30,30.235,999,Division of Family Services,Family Partnership,Family Support Center 2025 FS,53505,Food, $ -   
2026,10,30,30.235,615,Division of Family Services,Family Partnership,Non-Parenting Youth,50160,Overtime, $ -   
2026,22,30,30.235,999,Division of Family Services,Family Partnership,Safe and Stable Families 2024 FS,53010,Program / Activity Supplies, $ -   
2026,22,30,30.235,999,Division of Family Services,Family Partnership,Community Foundation 2023 FS,50280,Unemployment Contributions, $ -   
2026,10,30,30.235,615,Division of Family Services,Family Partnership,Non-Parenting Youth,52640,Client Training," $ 3,000.00 "
2026,22,30,30.235,999,Division of Family Services,Family Partnership,Judy Center 2025 FS,50250,Social Security / Medicare, $ -   
2026,22,30,30.225,999,Division of Family Services,Family Services Admin,Youth Connections FY25 FSA,41300,State Grants - Operating, $ -   
2026,22,30,30.250,999,Division of Family Services,Child Advocacy Center,VOCA 2023 FS,48205,Trans from Gen Fund-Subsqt Yrs, $ -   
2026,22,30,30.235,999,Division of Family Services,Family Partnership,GED Youth FY26-FP,50250,Social Security / Medicare," $ 1,545.00 "
2026,22,30,30.235,999,Division of Family Services,Family Partnership,Safe and Stable Families 2025 FS,52401,Telephone, $ -   
2026,22,30,30.235,999,Division of Family Services,Family Partnership,Family Support Center 2027 FS,50240,Dental Insurance Contributions, $ -   
2026,22,30,30.245,999,Division of Family Services,Office For Children & Family,LMB Administration 2024 FS,50301,Life Insurance, $ -   
2026,22,30,30.235,999,Division of Family Services,Family Partnership,Family Support Center 2024 FS,53605,Office Supplies, $ -   
2026,10,30,30.235,615,Division of Family Services,Family Partnership,Non-Parenting Youth,52401,Telephone, $ 360.00 
2026,22,30,30.235,999,Division of Family Services,Family Partnership,Family Support Center 2024 FS,50290,Worker's Compensation, $ -   
2026,22,30,30.225,999,Division of Family Services,Family Services Admin,LMB Administration 2025 FSA,50250,Social Security / Medicare, $ -   
2026,10,30,30.225,999,Division of Family Services,Family Services Admin,Family Services Admin,50280,Unemployment Contributions, $ 155.00 
2026,22,30,30.235,999,Division of Family Services,Family Partnership,MFN Supplemental FY25,53230,NonCapital Furniture / Equipment, $ -   
2026,22,30,30.225,999,Division of Family Services,Family Services Admin,EN AAC FY25,41300,State Grants - Operating, $ -   
2026,22,30,30.225,999,Division of Family Services,Family Services Admin,Local Care Team 2025 FSA,50240,Dental Insurance Contributions, $ -   
2026,22,30,30.235,999,Division of Family Services,Family Partnership,GED Youth FY27-FP,50239,Family Medical Leave Insurance, $ -   
2026,22,30,30.250,999,Division of Family Services,Child Advocacy Center,VOCA 2023 FS,50290,Worker's Compensation, $ -   
2026,10,30,30.225,999,Division of Family Services,Family Services Admin,Family Services Admin,50201,Health Insurance Contributions," $ 58,711.00 "
2026,22,30,30.235,999,Division of Family Services,Family Partnership,Safe and Stable Families 2024 FS,48201,Trans from General Fund, $ -   
2026,10,30,30.225,999,Division of Family Services,Family Services Admin,Family Services Admin,53215,Computer Hardware / Software, $ -   
2026,22,30,30.235,999,Division of Family Services,Family Partnership,MFN Supplemental,41300,State Grants - Operating, $ -   
2026,10,30,30.225,999,Division of Family Services,Family Services Admin,Family Services Admin,53605,Office Supplies," $ 2,140.00 "
2026,22,30,30.235,999,Division of Family Services,Family Partnership,Safe and Stable Families 2027 FS,50239,Family Medical Leave Insurance, $ -   
2026,22,30,30.225,999,Division of Family Services,Family Services Admin,ENOUGH 2025,58001,In-Kind Salaries - Grants, $ -   
2026,22,30,30.225,999,Division of Family Services,Family Services Admin,LMB Administration 2025 FSA,58001,In-Kind Salaries - Grants, $ -   
2026,22,30,30.225,999,Division of Family Services,Family Services Admin,LMB Administration 2025 FSA,53605,Office Supplies, $ -   
2026,22,30,30.235,999,Division of Family Services,Family Partnership,Judy Center 2027 FS,52401,Telephone, $ -   
2026,22,30,30.235,999,Division of Family Services,Family Partnership,Community Foundation 2023 FS,50290,Worker's Compensation, $ -   
2026,22,30,30.235,999,Division of Family Services,Family Partnership,GED Youth FY25-FP,50225,OPEB, $ -   
2026,22,30,30.250,999,Division of Family Services,Child Advocacy Center,VOCA 2024 FS,50240,Dental Insurance Contributions, $ -   
2026,22,30,30.250,999,Division of Family Services,Child Advocacy Center,CAC Services 2025 FS,52755,Dues / Subscriptions, $ -   
2026,10,30,30.245,999,Division of Family Services,Office For Children & Family,Children & Family FS,53605,Office Supplies, $ -   
2026,22,30,30.245,999,Division of Family Services,Office For Children & Family,Healthy Families 2024 FS,54401,Subgrants, $ -   
2026,22,30,30.235,999,Division of Family Services,Family Partnership,Judy Center 2026 FS,54090,Event Expense," $ 2,000.00 "
2026,22,30,30.235,999,Division of Family Services,Family Partnership,Family Support Center 2025 FS,52701,Contracted Services, $ -   
2026,22,30,30.225,999,Division of Family Services,Family Services Admin,Local Care Team 2026 FSA,50290,Worker's Compensation, $ 33.00 
2026,22,30,30.245,999,Division of Family Services,Office For Children & Family,Family Coaching FY24 FS,41300,State Grants - Operating, $ -   
2026,22,30,30.235,999,Division of Family Services,Family Partnership,Judy Center 2024 FS,53605,Office Supplies, $ -   
2026,22,30,30.225,999,Division of Family Services,Family Services Admin,Local Care Team 2025 FSA,50290,Worker's Compensation, $ -   
2026,22,30,30.235,999,Division of Family Services,Family Partnership,Safe and Stable Families 2024 FS,41300,State Grants - Operating, $ -   
2026,22,30,30.225,999,Division of Family Services,Family Services Admin,Local Care Team 2025 FSA,52405,Telephone - Wireless, $ -   
2026,22,30,30.225,999,Division of Family Services,Family Services Admin,New Horizons FY26 FSA,41300,State Grants - Operating," $ 107,000.00 "
2026,22,30,30.245,999,Division of Family Services,Office For Children & Family,LMB Administration 2024 FS,52701,Contracted Services, $ -   
2026,22,30,30.225,999,Division of Family Services,Family Services Admin,ENOUGH 2025,53230,NonCapital Furniture / Equipment, $ -   
2026,22,30,30.235,999,Division of Family Services,Family Partnership,Youth Connections FY24-FP FS,52701,Contracted Services, $ -   
2026,22,30,30.235,999,Division of Family Services,Family Partnership,GED Youth FY26-FP,50201,Health Insurance Contributions," $ 10,118.00 "
2026,22,30,30.235,999,Division of Family Services,Family Partnership,Judy Center 2025 FS,50201,Health Insurance Contributions, $ -   
2026,22,30,30.235,999,Division of Family Services,Family Partnership,GED Youth FY25-FP,50101,Salary & Wages, $ -   
2026,22,30,30.250,999,Division of Family Services,Child Advocacy Center,CAC Services 2026 FS,52701,Contracted Services," $ 9,496.00 "
2026,22,30,30.235,999,Division of Family Services,Family Partnership,Family Support Center 2026 FS,53010,Program / Activity Supplies," $ 9,146.00 "
2026,10,30,30.225,999,Division of Family Services,Family Services Admin,Family Services Admin,52615,Mileage," $ 1,791.00 "
2026,10,30,30.250,999,Division of Family Services,Child Advocacy Center,Child Advocacy Center FS,45550,Contributions & Donations, $ -   
2026,22,30,30.235,999,Division of Family Services,Family Partnership,Family Support Center 2026 FS,54090,Event Expense," $ 4,500.00 "
2026,22,30,30.235,999,Division of Family Services,Family Partnership,GED Youth FY26-FP,50290,Worker's Compensation, $ 43.00 
2026,10,30,30.235,999,Division of Family Services,Family Partnership,Family Partnership FS,53605,Office Supplies, $ 600.00 
2026,22,30,30.235,999,Division of Family Services,Family Partnership,Safe and Stable Families 2026 FS,50280,Unemployment Contributions, $ 45.00 
2026,22,30,30.235,999,Division of Family Services,Family Partnership,Safe and Stable Families 2024 FS,50240,Dental Insurance Contributions, $ -   
2026,22,30,30.225,999,Division of Family Services,Family Services Admin,ENOUGH 2025,52405,Telephone - Wireless, $ -   
2026,22,30,30.225,999,Division of Family Services,Family Services Admin,Local Care Team 2025 FSA,52601,Travel / Training, $ -   
2026,22,30,30.235,999,Division of Family Services,Family Partnership,Youth Connections FY24-FP FS,50160,Overtime, $ -   
2026,22,30,30.250,999,Division of Family Services,Child Advocacy Center,VOCA 2024 FS,50301,Life Insurance, $ -   
2026,22,30,30.225,999,Division of Family Services,Family Services Admin,LMB Administration 2026 FSA,50280,Unemployment Contributions, $ 55.00 
2026,22,30,30.235,999,Division of Family Services,Family Partnership,GED Youth FY26-FP,50240,Dental Insurance Contributions, $ 21.00 
2026,22,30,30.235,999,Division of Family Services,Family Partnership,Judy Center 2026 FS,50280,Unemployment Contributions, $ 30.00 
2026,10,30,30.225,999,Division of Family Services,Family Services Admin,Family Services Admin,53010,Program / Activity Supplies, $ 200.00 
2026,22,30,30.235,999,Division of Family Services,Family Partnership,Family Support Center 2026 FS,52790,Client Services, $ 500.00 
2026,22,30,30.225,999,Division of Family Services,Family Services Admin,ENOUGH 2025,50250,Social Security / Medicare, $ -   
2026,10,30,30.235,999,Division of Family Services,Family Partnership,Family Partnership FS,54110,Misc Operating Expense," $ 1,000.00 "
2026,22,30,30.225,999,Division of Family Services,Family Services Admin,Local Care Team 2027 FSA,50250,Social Security / Medicare, $ -   
2026,22,30,30.235,999,Division of Family Services,Family Partnership,GED Youth FY25-FP,50260,Defined Benefit Plan, $ -   
2026,22,30,30.235,999,Division of Family Services,Family Partnership,Family Support Center 2027 FS,52310,Vehicle / Equip Insurance, $ -   
2026,22,30,30.225,999,Division of Family Services,Family Services Admin,EN AAC FY25,58001,In-Kind Salaries - Grants, $ -   
2026,22,30,30.235,999,Division of Family Services,Family Partnership,Family Support Center 2026 FS,53315,Fleet Fuel," $ 8,552.00 "
2026,10,30,30.235,615,Division of Family Services,Family Partnership,Non-Parenting Youth,50250,Social Security / Medicare," $ 9,157.00 "
2026,22,30,30.225,999,Division of Family Services,Family Services Admin,Family Coaching FY26 FSA,41300,State Grants - Operating," $ 98,000.00 "
2026,22,30,30.225,999,Division of Family Services,Family Services Admin,ENOUGH 2025,50280,Unemployment Contributions, $ -   
2026,22,30,30.245,999,Division of Family Services,Office For Children & Family,LMB Administration 2024 FS,52601,Travel / Training, $ -   
2026,22,30,30.235,999,Division of Family Services,Family Partnership,Family Support Center 2027 FS,50250,Social Security / Medicare, $ -   
2026,22,30,30.245,999,Division of Family Services,Office For Children & Family,Family Coaching FY24 FS,48201,Trans from General Fund, $ -   
2026,22,30,30.250,999,Division of Family Services,Child Advocacy Center,CAC Services 2026 FS,52601,Travel / Training," $ 8,076.00 "
2026,22,30,30.235,999,Division of Family Services,Family Partnership,Family Support Center 2027 FS,50239,Family Medical Leave Insurance, $ -   
2026,22,30,30.235,999,Division of Family Services,Family Partnership,Safe and Stable Families 2024 FS,50301,Life Insurance, $ -   
2026,22,30,30.245,999,Division of Family Services,Office For Children & Family,Getting Ahead 2024,41300,State Grants - Operating, $ -   
2026,22,30,30.250,999,Division of Family Services,Child Advocacy Center,VOCA 2027 FS,50290,Worker's Compensation, $ -   
2026,10,30,30.245,999,Division of Family Services,Office For Children & Family,Children & Family FS,52425,Marketing, $ -   
2026,10,30,30.245,999,Division of Family Services,Office For Children & Family,Children & Family FS,50290,Worker's Compensation, $ -   
2026,22,30,30.225,999,Division of Family Services,Family Services Admin,LMB Administration 2026 FSA,50301,Life Insurance, $ 313.00 
2026,22,30,30.250,999,Division of Family Services,Child Advocacy Center,VOCA 2024 FS,53230,NonCapital Furniture / Equipment, $ -   
2026,22,30,30.235,999,Division of Family Services,Family Partnership,Family Support Center 2027 FS,50301,Life Insurance, $ -   
2026,22,30,30.235,999,Division of Family Services,Family Partnership,Family Support Center 2025 FS,53315,Fleet Fuel, $ -   
2026,22,30,30.235,999,Division of Family Services,Family Partnership,Family Support Center 2025 FS,54110,Misc Operating Expense, $ -   
2026,22,30,30.235,999,Division of Family Services,Family Partnership,Safe and Stable Families 2027 FS,52401,Telephone, $ -   
2026,22,30,30.250,999,Division of Family Services,Child Advocacy Center,CAC Services 2025 FS,52405,Telephone - Wireless, $ -   
2026,10,30,30.225,999,Division of Family Services,Family Services Admin,Family Services Admin,52755,Dues / Subscriptions," $ 1,340.00 "
2026,22,30,30.235,999,Division of Family Services,Family Partnership,Judy Center 2027 FS,48201,Trans from General Fund, $ -   
2026,22,30,30.235,999,Division of Family Services,Family Partnership,Judy Center 2027 FS,52615,Mileage, $ -   
2026,22,30,30.235,999,Division of Family Services,Family Partnership,Safe and Stable Families 2027 FS,50250,Social Security / Medicare, $ -   
2026,22,30,30.225,999,Division of Family Services,Family Services Admin,Healthy Families 2026 FSA,54401,Subgrants," $ 338,000.00 "
2026,22,30,30.235,999,Division of Family Services,Family Partnership,Judy Center 2026 FS,50260,Defined Benefit Plan," $ 8,332.00 "
2026,22,30,30.250,999,Division of Family Services,Child Advocacy Center,VOCA 2025 FS,50225,OPEB, $ -   
2026,22,30,30.235,999,Division of Family Services,Family Partnership,Youth Connections FY24-FP FS,52755,Dues / Subscriptions, $ -   
2026,10,30,30.245,999,Division of Family Services,Office For Children & Family,Children & Family FS,52601,Travel / Training, $ -   
2026,22,30,30.235,999,Division of Family Services,Family Partnership,Safe and Stable Families 2027 FS,48201,Trans from General Fund, $ -   
2026,22,30,30.225,999,Division of Family Services,Family Services Admin,Local Care Team 2026 FSA,53605,Office Supplies, $ 269.00 
2026,22,30,30.250,999,Division of Family Services,Child Advocacy Center,VOCA 2027 FS,50301,Life Insurance, $ -   
2026,22,30,30.225,999,Division of Family Services,Family Services Admin,LMB Administration 2027 FSA,52755,Dues / Subscriptions, $ -   
2026,10,30,30.235,999,Division of Family Services,Family Partnership,Family Partnership FS,50240,Dental Insurance Contributions, $ 300.00 
2026,22,30,30.235,999,Division of Family Services,Family Partnership,Youth Connections FY24-FP FS,50101,Salary & Wages, $ -   
2026,22,30,30.250,999,Division of Family Services,Child Advocacy Center,VOCA 2025 FS,52701,Contracted Services, $ -   
2026,10,30,30.235,999,Division of Family Services,Family Partnership,Family Partnership FS,52405,Telephone - Wireless, $ 500.00 
2026,22,30,30.235,999,Division of Family Services,Family Partnership,Family Support Center 2025 FS,52310,Vehicle / Equip Insurance, $ -   
2026,10,30,30.245,999,Division of Family Services,Office For Children & Family,Children & Family FS,50101,Salary & Wages, $ -   
2026,22,30,30.245,999,Division of Family Services,Office For Children & Family,Local Care Team 2024 FS,50290,Worker's Compensation, $ -   
2026,22,30,30.245,999,Division of Family Services,Office For Children & Family,Local Care Team 2024 FS,50101,Salary & Wages, $ -   
2026,22,30,30.225,999,Division of Family Services,Family Services Admin,Local Care Team 2026 FSA,50101,Salary & Wages," $ 46,911.00 "
2026,22,30,30.250,999,Division of Family Services,Child Advocacy Center,VOCA 2025 FS,50280,Unemployment Contributions, $ -   
2026,22,30,30.250,999,Division of Family Services,Child Advocacy Center,VOCA 2024 FS,53215,Computer Hardware / Software, $ -   
2026,22,30,30.235,999,Division of Family Services,Family Partnership,Judy Center 2024 FS,50225,OPEB, $ -   
2026,22,30,30.235,999,Division of Family Services,Family Partnership,CF- FY23 Impact Grant,47095,Miscellaneous Revenues, $ -   
2026,10,30,30.225,999,Division of Family Services,Family Services Admin,Family Services Admin,50225,OPEB, $ -   
2026,22,30,30.225,999,Division of Family Services,Family Services Admin,LMB Administration 2025 FSA,52701,Contracted Services, $ -   
2026,22,30,30.235,999,Division of Family Services,Family Partnership,Judy Center 2026 FS,53605,Office Supplies, $ 500.00 
2026,22,30,30.250,999,Division of Family Services,Child Advocacy Center,VOCA 2024 FS,50201,Health Insurance Contributions, $ -   
2026,22,30,30.245,999,Division of Family Services,Office For Children & Family,LMB Administration 2024 FS,58001,In-Kind Salaries - Grants, $ -   
2026,22,30,30.225,999,Division of Family Services,Family Services Admin,Local Care Team 2027 FSA,50101,Salary & Wages, $ -   
2026,22,30,30.250,999,Division of Family Services,Child Advocacy Center,CAC Services 2026 FS,41300,State Grants - Operating," $ 26,000.00 "
2026,22,30,30.250,999,Division of Family Services,Child Advocacy Center,VOCA 2023 FS,47201,Budgeted Fund Balance, $ -   
2026,22,30,30.250,999,Division of Family Services,Child Advocacy Center,VOCA 2027 FS,50250,Social Security / Medicare, $ -   
2026,22,30,30.235,999,Division of Family Services,Family Partnership,Safe and Stable Families 2025 FS,50280,Unemployment Contributions, $ -   
2026,22,30,30.225,999,Division of Family Services,Family Services Admin,Local Care Team 2027 FSA,48201,Trans from General Fund, $ -   
2026,22,30,30.235,999,Division of Family Services,Family Partnership,Family Support Center 2025 FS,50260,Defined Benefit Plan, $ -   
2026,22,30,30.235,999,Division of Family Services,Family Partnership,Judy Center 2024 FS,52615,Mileage, $ -   
2026,10,30,30.235,615,Division of Family Services,Family Partnership,Non-Parenting Youth,50240,Dental Insurance Contributions, $ 111.00 
2026,22,30,30.225,999,Division of Family Services,Family Services Admin,LMB Administration 2026 FSA,53605,Office Supplies," $ 1,037.00 "
2026,22,30,30.235,999,Division of Family Services,Family Partnership,Judy Center 2024 FS,52701,Contracted Services, $ -   
2026,22,30,30.245,999,Division of Family Services,Office For Children & Family,Local Care Team 2024 FS,50240,Dental Insurance Contributions, $ -   
2026,10,30,30.225,999,Division of Family Services,Family Services Admin,Family Services Admin,51195,Interpreter - Foreign Language," $ 2,000.00 "
2026,22,30,30.245,999,Division of Family Services,Office For Children & Family,Family Coaching FY24 FS,54401,Subgrants, $ -   
2026,22,30,30.235,999,Division of Family Services,Family Partnership,Safe and Stable Families 2024 FS,50250,Social Security / Medicare, $ -   
2026,10,30,30.235,615,Division of Family Services,Family Partnership,Non-Parenting Youth,50290,Worker's Compensation, $ 111.00 
2026,22,30,30.225,999,Division of Family Services,Family Services Admin,UWG EN FY25,41300,State Grants - Operating, $ -   
2026,22,30,30.235,999,Division of Family Services,Family Partnership,Judy Center 2027 FS,50201,Health Insurance Contributions, $ -   
2026,10,30,30.250,999,Division of Family Services,Child Advocacy Center,Child Advocacy Center FS,52701,Contracted Services, $ -   
2026,10,30,30.250,999,Division of Family Services,Child Advocacy Center,Child Advocacy Center FS,52425,Marketing," $ 1,500.00 "
2026,10,30,30.250,999,Division of Family Services,Child Advocacy Center,Child Advocacy Center FS,52401,Telephone," $ 4,320.00 "
2026,22,30,30.235,999,Division of Family Services,Family Partnership,Safe and Stable Families 2026 FS,41055,Federal Grants - Pass Thru," $ 127,500.00 "
2026,10,30,30.235,615,Division of Family Services,Family Partnership,Non-Parenting Youth,50101,Salary & Wages," $ 119,680.00 "
2026,22,30,30.250,999,Division of Family Services,Child Advocacy Center,VOCA 2025 FS,41300,State Grants - Operating, $ -   
2026,22,30,30.245,999,Division of Family Services,Office For Children & Family,LMB Administration 2024 FS,53605,Office Supplies, $ -   
2026,22,30,30.235,999,Division of Family Services,Family Partnership,Safe and Stable Families 2026 FS,53010,Program / Activity Supplies," $ 6,994.00 "
2026,22,30,30.250,999,Division of Family Services,Child Advocacy Center,VOCA 2024 FS,50280,Unemployment Contributions, $ -   
2026,22,30,30.250,999,Division of Family Services,Child Advocacy Center,VOCA 2026 FS,48201,Trans from General Fund," $ 22,467.00 "
2026,22,30,30.235,999,Division of Family Services,Family Partnership,Judy Center 2025 FS,50280,Unemployment Contributions, $ -   
2026,22,30,30.235,999,Division of Family Services,Family Partnership,Family Support Center 2024 FS,54110,Misc Operating Expense, $ -   
2026,22,30,30.235,999,Division of Family Services,Family Partnership,Safe and Stable Families 2025 FS,50101,Salary & Wages, $ -   
2026,22,30,30.235,999,Division of Family Services,Family Partnership,Family Support Center 2024 FS,48201,Trans from General Fund, $ -   
2026,22,30,30.225,999,Division of Family Services,Family Services Admin,EN AAC FY25,54401,Subgrants, $ -   
2026,10,30,30.235,999,Division of Family Services,Family Partnership,Family Partnership FS,51195,Interpreter - Foreign Language," $ 25,000.00 "
2026,10,30,30.235,615,Division of Family Services,Family Partnership,Non-Parenting Youth,53605,Office Supplies, $ 500.00 
2026,22,30,30.225,999,Division of Family Services,Family Services Admin,Local Care Team 2027 FSA,50239,Family Medical Leave Insurance, $ -   
2026,10,30,30.235,615,Division of Family Services,Family Partnership,Non-Parenting Youth,50280,Unemployment Contributions, $ 56.00 
2026,22,30,30.250,999,Division of Family Services,Child Advocacy Center,VOCA 2024 FS,55201,Capital - Furniture / Equipmen, $ -   
2026,10,30,30.225,999,Division of Family Services,Family Services Admin,Family Services Admin,52401,Telephone," $ 3,960.00 "
2026,22,30,30.250,999,Division of Family Services,Child Advocacy Center,VOCA 2027 FS,46615,In-Kind Revenue - Grants, $ -   
2026,22,30,30.225,999,Division of Family Services,Family Services Admin,Local Care Team 2026 FSA,50250,Social Security / Medicare," $ 3,589.00 "
2026,22,30,30.245,999,Division of Family Services,Office For Children & Family,New Horizons FY24 FS,41300,State Grants - Operating, $ -   
2026,22,30,30.245,999,Division of Family Services,Office For Children & Family,Healthy Families 2024 FS,48205,Trans from Gen Fund-Subsqt Yrs, $ -   
2026,10,30,30.245,999,Division of Family Services,Office For Children & Family,Children & Family FS,52615,Mileage, $ -   
2026,22,30,30.235,999,Division of Family Services,Family Partnership,Safe and Stable Families 2024 FS,41055,Federal Grants - Pass Thru, $ -   
2026,22,30,30.225,999,Division of Family Services,Family Services Admin,Local Care Team 2025 FSA,50101,Salary & Wages, $ -   
2026,22,30,30.225,999,Division of Family Services,Family Services Admin,Healthy Families 2027 FSA,54401,Subgrants, $ -   
2026,10,30,30.245,999,Division of Family Services,Office For Children & Family,Children & Family FS,50301,Life Insurance, $ -   
2026,22,30,30.235,999,Division of Family Services,Family Partnership,Safe and Stable Families 2025 FS,50260,Defined Benefit Plan, $ -   
2026,22,30,30.235,999,Division of Family Services,Family Partnership,Safe and Stable Families 2026 FS,52235,Fleet Charges," $ 8,000.00 "
2026,22,30,30.225,999,Division of Family Services,Family Services Admin,LMB Administration 2026 FSA,52701,Contracted Services," $ 73,198.00 "
2026,22,30,30.250,999,Division of Family Services,Child Advocacy Center,VOCA 2024 FS,50260,Defined Benefit Plan, $ -   
2026,22,30,30.235,999,Division of Family Services,Family Partnership,GED Youth FY25-FP,50301,Life Insurance, $ -   
2026,22,30,30.235,999,Division of Family Services,Family Partnership,Family Support Center 2025 FS,52755,Dues / Subscriptions, $ -   
2026,22,30,30.235,999,Division of Family Services,Family Partnership,Youth Connections FY24-FP FS,48201,Trans from General Fund, $ -   
2026,22,30,30.235,999,Division of Family Services,Family Partnership,Safe and Stable Families 2025 FS,48201,Trans from General Fund, $ -   
2026,22,30,30.235,999,Division of Family Services,Family Partnership,Family Support Center 2025 FS,50280,Unemployment Contributions, $ -   
2026,22,30,30.235,999,Division of Family Services,Family Partnership,Family Support Center 2025 FS,53075,Consumable Supplies, $ -   
2026,22,30,30.245,999,Division of Family Services,Office For Children & Family,LMB Administration 2024 FS,46615,In-Kind Revenue - Grants, $ -   
2026,22,30,30.250,999,Division of Family Services,Child Advocacy Center,VOCA 2024 FS,52601,Travel / Training, $ -   
2026,22,30,30.235,999,Division of Family Services,Family Partnership,Family Support Center 2025 FS,50301,Life Insurance, $ -   
2026,22,30,30.250,999,Division of Family Services,Child Advocacy Center,VOCA 2026 FS,50240,Dental Insurance Contributions, $ 60.00 
2026,10,30,30.235,999,Division of Family Services,Family Partnership,Family Partnership FS,52601,Travel / Training," $ 2,000.00 "
2026,10,30,30.225,999,Division of Family Services,Family Services Admin,Family Services Admin,50250,Social Security / Medicare," $ 32,808.00 "
2026,22,30,30.250,999,Division of Family Services,Child Advocacy Center,VOCA 2025 FS,52755,Dues / Subscriptions, $ -   
2026,10,30,30.250,999,Division of Family Services,Child Advocacy Center,Child Advocacy Center FS,50239,Family Medical Leave Insurance, $ -   
2026,22,30,30.235,999,Division of Family Services,Family Partnership,Judy Center 2025 FS,52401,Telephone, $ -   
2026,22,30,30.235,999,Division of Family Services,Family Partnership,Family Support Center 2025 FS,50240,Dental Insurance Contributions, $ -   
2026,22,30,30.225,999,Division of Family Services,Family Services Admin,EN COF FY25,54401,Subgrants, $ -   
2026,22,30,30.245,999,Division of Family Services,Office For Children & Family,Local Care Team 2024 FS,53605,Office Supplies, $ -   
2026,22,30,30.225,999,Division of Family Services,Family Services Admin,LMB Administration 2026 FSA,50240,Dental Insurance Contributions, $ 49.00 
2026,22,30,30.235,999,Division of Family Services,Family Partnership,Family Support Center 2024 FS,52420,Advertising, $ -   
2026,10,30,30.225,999,Division of Family Services,Family Services Admin,Family Services Admin,52701,Contracted Services," $ 26,551.00 "
2026,22,30,30.235,999,Division of Family Services,Family Partnership,GED Youth FY27-FP,50101,Salary & Wages, $ -   
2026,22,30,30.250,999,Division of Family Services,Child Advocacy Center,VOCA 2024 FS,53010,Program / Activity Supplies, $ -   
2026,22,30,30.235,999,Division of Family Services,Family Partnership,Youth Connections FY24-FP FS,52405,Telephone - Wireless, $ -   
2026,22,30,30.235,999,Division of Family Services,Family Partnership,Family Support Center 2026 FS,52615,Mileage," $ 1,000.00 "
2026,22,30,30.250,999,Division of Family Services,Child Advocacy Center,VOCA 2024 FS,48201,Trans from General Fund, $ -   
2026,10,30,30.235,999,Division of Family Services,Family Partnership,Family Partnership FS,50260,Defined Benefit Plan," $ 53,589.00 "
2026,22,30,30.245,999,Division of Family Services,Office For Children & Family,Getting Ahead FY23,54401,Subgrants, $ -   
2026,10,30,30.235,615,Division of Family Services,Family Partnership,Non-Parenting Youth,53505,Food, $ 900.00 
2026,22,30,30.235,999,Division of Family Services,Family Partnership,Family Support Center 2024 FS,52755,Dues / Subscriptions, $ -   
2026,10,30,30.235,999,Division of Family Services,Family Partnership,Family Partnership FS,53010,Program / Activity Supplies," $ 1,783.00 "
2026,22,30,30.235,999,Division of Family Services,Family Partnership,Youth Connections FY24-FP FS,53505,Food, $ -   
2026,22,30,30.235,999,Division of Family Services,Family Partnership,Family Support Center 2024 FS,50280,Unemployment Contributions, $ -   
2026,22,30,30.235,999,Division of Family Services,Family Partnership,Family Support Center 2024 FS,50260,Defined Benefit Plan, $ -   
2026,22,30,30.245,999,Division of Family Services,Office For Children & Family,Getting Ahead 2024,54401,Subgrants, $ -   
2026,10,30,30.235,999,Division of Family Services,Family Partnership,Family Partnership FS,52615,Mileage," $ 1,100.00 "
2026,22,30,30.235,999,Division of Family Services,Family Partnership,Youth Connections FY24-FP FS,54090,Event Expense, $ -   
2026,22,30,30.225,999,Division of Family Services,Family Services Admin,Local Care Team 2025 FSA,52701,Contracted Services, $ -   
2026,22,30,30.235,999,Division of Family Services,Family Partnership,Family Support Center 2026 FS,54110,Misc Operating Expense," $ 3,500.00 "
2026,22,30,30.250,999,Division of Family Services,Child Advocacy Center,CAC Services 2027 FS,52601,Travel / Training, $ -   
2026,10,30,30.235,999,Division of Family Services,Family Partnership,Family Partnership FS,50201,Health Insurance Contributions," $ 165,947.00 "
2026,22,30,30.225,999,Division of Family Services,Family Services Admin,LMB Administration 2025 FSA,50280,Unemployment Contributions, $ -   
2026,22,30,30.225,999,Division of Family Services,Family Services Admin,EN FCPS FY25,54401,Subgrants, $ -   
2026,10,30,30.225,999,Division of Family Services,Family Services Admin,Family Services Admin,50239,Family Medical Leave Insurance, $ -   
2026,22,30,30.235,999,Division of Family Services,Family Partnership,Family Support Center 2024 FS,50225,OPEB, $ -   
2026,22,30,30.225,999,Division of Family Services,Family Services Admin,Healthy Families 2024 FSA,48205,Trans from Gen Fund-Subsqt Yrs, $ -   
2026,22,30,30.225,999,Division of Family Services,Family Services Admin,ENOUGH 2025,50290,Worker's Compensation, $ -   